id,Airline,Flight,AirportFrom,AirportTo,DayOfWeek,Time,Length,Delay
1,CO,269,SFO,IAH,3,15,205,1
2,US,1558,PHX,CLT,3,15,222,1
3,AA,2400,LAX,DFW,3,20,165,1
4,AA,2466,SFO,DFW,3,20,195,1
5,AS,108,ANC,SEA,3,30,202,0
6,CO,1094,LAX,IAH,3,30,181,1
7,DL,1768,LAX,MSP,3,30,220,0
8,DL,2722,PHX,DTW,3,30,228,0
9,DL,2606,SFO,MSP,3,35,216,1
10,AA,2538,LAS,ORD,3,40,200,1
11,CO,223,ANC,SEA,3,49,201,1
12,DL,1646,PHX,ATL,3,50,212,1
13,DL,2055,SLC,ATL,3,50,210,0
14,AA,2408,LAX,DFW,3,55,170,0
15,AS,132,ANC,PDX,3,55,215,0
16,US,498,DEN,CLT,3,55,179,0
17,B6,98,DEN,JFK,3,59,213,0
18,CO,1496,LAS,IAH,3,60,162,0
19,DL,1450,LAS,MSP,3,60,181,0
20,CO,507,ONT,IAH,3,75,167,0
21,AS,128,FAI,SEA,3,80,206,0
22,DL,2223,ANC,SLC,3,85,270,0
23,AS,112,ANC,SEA,3,90,200,0
24,HA,17,LAS,HNL,3,100,380,1
25,US,122,ANC,PHX,3,113,327,1
26,AS,114,ANC,SEA,3,150,200,0
27,B6,766,BQN,MCO,3,240,169,0
28,B6,768,PSE,MCO,3,262,180,0
29,HA,206,HNL,OGG,3,300,36,1
30,OO,4746,BIS,MSP,3,300,85,0
31,OO,6466,IYK,LAX,3,300,53,0
32,US,1011,EWR,CLT,3,300,111,0
33,US,1983,BOS,CLT,3,300,135,0
34,HA,108,HNL,KOA,3,302,41,0
35,OO,6900,MKE,ORD,3,302,44,0
36,9E,3975,GFK,MSP,3,305,68,0
37,HA,102,HNL,ITO,3,305,49,0
38,OO,4829,OMA,MSP,3,305,75,0
39,OH,6338,GSO,ATL,3,315,93,1
40,OO,6505,LMT,SFO,3,315,95,0
41,US,149,SEA,PHX,3,315,166,1
42,US,1640,MCO,CLT,3,315,97,0
43,US,908,TPA,CLT,3,315,96,0
44,HA,106,HNL,OGG,3,317,36,0
45,9E,3854,DLH,MSP,3,320,58,1
46,DL,1276,MSP,ATL,3,320,158,0
47,OO,4651,FAR,MSP,3,320,62,1
48,CO,1585,MFE,IAH,3,325,64,0
49,CO,222,MSY,IAH,3,325,70,0
50,EV,4966,VPS,ATL,3,325,69,0
51,US,1521,BWI,CLT,3,325,83,0
52,XE,2827,MAF,IAH,3,325,85,0
53,OO,4719,LWS,SLC,3,328,87,1
54,9E,3702,RST,MSP,3,330,50,0
55,9E,3775,ALB,DTW,3,330,120,1
56,9E,3886,DSM,ATL,3,330,135,1
57,AA,1711,BOS,MIA,3,330,210,0
58,CO,611,EWR,IAH,3,330,233,0
59,DL,1143,CHS,ATL,3,330,72,0
60,DL,1511,MSN,DTW,3,330,80,0
61,DL,1518,MCO,ATL,3,330,84,0
62,DL,1698,JAX,ATL,3,330,80,0
63,DL,1842,SAT,ATL,3,330,142,0
64,DL,1972,TPA,ATL,3,330,85,0
65,DL,2054,PNS,ATL,3,330,75,0
66,DL,2112,BHM,ATL,3,330,58,0
67,DL,2306,LIT,ATL,3,330,97,0
68,DL,2711,SAV,ATL,3,330,65,0
69,DL,2995,BNA,ATL,3,330,67,0
70,EV,4940,OMA,ATL,3,330,147,0
71,EV,5014,ICT,ATL,3,330,132,0
72,EV,5044,ECP,ATL,3,330,68,0
73,EV,5117,DHN,ATL,3,330,70,0
74,EV,5393,MGM,ATL,3,330,57,0
75,EV,5532,CAE,ATL,3,330,64,1
76,EV,7108,PWM,IAD,3,330,114,0
77,OO,6917,ACV,SMF,3,330,65,0
78,OO,7781,EKO,SLC,3,330,70,0
79,US,1289,BOS,PHL,3,330,84,0
80,US,1420,PHL,CLT,3,330,102,0
81,US,1732,ATL,CLT,3,330,68,1
82,US,347,PDX,PHX,3,330,148,0
83,US,913,RIC,CLT,3,330,72,0
84,XE,2263,BTR,IAH,3,330,72,1
85,XE,3024,HRL,IAH,3,330,70,0
86,YV,2605,MYR,CLT,3,330,62,0
87,HA,103,HNL,LIH,3,331,35,0
88,UA,576,SEA,DEN,3,331,159,0
89,OO,6644,TUS,DEN,3,333,112,0
90,YV,7294,SBN,ORD,3,334,46,0
91,9E,3661,CAK,DTW,3,335,76,0
92,9E,3725,TVC,DTW,3,335,75,0
93,9E,3804,CLE,ATL,3,335,128,0
94,AA,674,ORD,MIA,3,335,185,1
95,B6,728,BQN,JFK,3,335,231,0
96,CO,463,ORD,IAH,3,335,164,1
97,OH,6423,DAY,DTW,3,335,75,0
98,OO,6698,MFR,PDX,3,335,74,0
99,XE,2865,MKE,IAH,3,335,174,0
100,EV,7101,BTV,IAD,3,336,110,0
101,9E,3998,TLH,ATL,3,338,68,0
102,9E,4196,TYS,ATL,3,340,57,0
103,CO,214,DFW,IAH,3,340,59,1
104,DL,2123,BOS,DTW,3,340,144,0
105,DL,2597,RIC,ATL,3,340,109,0
106,DL,2626,FLL,ATL,3,340,118,0
107,DL,684,AUS,ATL,3,340,134,0
108,EV,5583,CHA,ATL,3,340,47,0
109,MQ,4563,CMH,LGA,3,340,100,0
110,XE,2616,LRD,IAH,3,340,66,1
111,XE,3006,BRO,IAH,3,340,70,0
112,XE,3015,CRP,IAH,3,340,59,1
113,XE,5970,LAN,ORD,3,340,71,0
114,9E,3659,ALB,ATL,3,345,183,0
115,9E,3862,SAT,MEM,3,345,119,1
116,9E,3949,PVD,DTW,3,345,135,1
117,9E,4143,FWA,DTW,3,345,59,0
118,AA,1141,JFK,MIA,3,345,190,0
119,AA,1297,DFW,MIA,3,345,160,0
120,AA,2320,DFW,ORD,3,345,140,0
121,CO,1677,PHL,IAH,3,345,219,0
122,CO,1727,BWI,IAH,3,345,208,0
123,CO,240,AUS,IAH,3,345,55,0
124,CO,278,SAT,IAH,3,345,54,0
125,CO,633,LGA,IAH,3,345,235,0
126,DL,1095,OKC,ATL,3,345,127,0
127,DL,1112,PIT,ATL,3,345,131,1
128,DL,1506,LAX,DTW,3,345,270,0
129,DL,1580,SFO,DTW,3,345,270,0
130,DL,2320,PBI,ATL,3,345,113,0
131,DL,2481,ORF,ATL,3,345,120,0
132,DL,2710,DFW,ATL,3,345,132,0
133,DL,2939,DCA,ATL,3,345,120,1
134,EV,5142,AEX,ATL,3,345,119,0
135,EV,5218,SYR,ATL,3,345,158,0
136,EV,5233,BTR,ATL,3,345,97,0
137,EV,5362,SHV,ATL,3,345,123,1
138,EV,5501,VLD,ATL,3,345,62,0
139,OH,6264,BDL,CVG,3,345,133,0
140,OH,6549,MFE,MEM,3,345,118,0
141,OO,6407,FAT,SFO,3,345,45,0
142,OO,6647,BZN,DEN,3,345,107,0
143,OO,6925,PHX,LAX,3,345,85,0
144,OO,6964,RDM,PDX,3,345,58,0
145,US,1423,DCA,CLT,3,345,85,0
146,XE,2919,LFT,IAH,3,345,58,0
147,XE,5951,CAK,ORD,3,345,95,0
148,OO,6480,IPL,YUM,3,346,34,0
149,OO,6843,EAU,CWA,3,346,32,0
150,UA,756,SFO,DEN,3,348,158,0
151,OO,3099,OMA,MKE,3,349,81,1
152,9E,3718,ERI,DTW,3,350,65,1
153,B6,107,BUF,JFK,3,350,83,0
154,DL,1248,IAH,ATL,3,350,130,1
155,DL,1985,DAY,ATL,3,350,114,0
156,DL,2387,MKE,ATL,3,350,129,1
157,DL,2405,PHL,DTW,3,350,115,0
158,DL,734,MCI,ATL,3,350,129,0
159,EV,5165,AGS,ATL,3,350,60,0
161,MQ,2734,ABI,DFW,3,350,50,0
162,MQ,2796,GRR,DFW,3,350,175,0
163,MQ,3014,FAT,LAX,3,350,65,0
164,MQ,3332,LBB,DFW,3,350,70,0
165,MQ,3632,CLT,MIA,3,350,120,1
166,MQ,3781,LIT,ORD,3,350,105,0
167,MQ,3842,MSP,ORD,3,350,95,1
168,MQ,3892,PHL,ORD,3,350,140,0
169,MQ,4013,LEX,ORD,3,350,95,0
170,OH,6498,ORD,ATL,3,350,128,1
171,OH,6629,GRR,DTW,3,350,61,0
172,9E,4391,MBS,DTW,3,351,59,0
173,HA,218,HNL,KOA,3,352,41,0
174,OO,6921,MOD,SFO,3,352,38,0
175,9E,3935,EWR,DTW,3,355,130,1
176,9E,3955,LBB,MEM,3,355,119,0
177,9E,4200,TYS,CVG,3,355,64,0
178,9E,4274,AMA,MEM,3,355,120,0
179,B6,735,JFK,BQN,3,355,215,0
180,DL,377,BDL,DTW,3,355,130,0
181,HA,202,HNL,ITO,3,355,49,0
182,MQ,2864,SGF,DFW,3,355,90,0
183,OH,6262,OMA,DTW,3,355,137,1
184,OH,6414,AZO,DTW,3,355,58,0
185,OO,7014,RDM,SFO,3,355,101,0
186,9E,3668,TYS,LGA,3,360,131,0
187,9E,3724,ABE,DTW,3,360,115,0
188,9E,3755,SWF,DTW,3,360,120,0
189,9E,3757,BGM,DTW,3,360,103,0
190,9E,3795,SBN,CVG,3,360,60,1
191,9E,3845,AVP,DTW,3,360,105,0
192,9E,3850,FNT,DTW,3,360,48,0
193,9E,3871,BHM,DTW,3,360,125,0
194,9E,3875,GSP,DTW,3,360,115,0
195,9E,3893,FWA,ATL,3,360,115,0
196,9E,3923,IAH,MEM,3,360,95,0
197,9E,3957,ATW,MSP,3,360,76,1
198,9E,3985,DSM,MEM,3,360,100,1
199,9E,4008,BTV,JFK,3,360,100,0
200,9E,4026,ORF,DTW,3,360,125,1
201,9E,4058,LAN,DTW,3,360,50,0
202,9E,4239,ITH,DTW,3,360,97,1
203,9E,4272,ECP,MEM,3,360,90,0
204,9E,4324,DCA,JFK,3,360,82,0
205,AA,1056,TUL,DFW,3,360,70,0
206,AA,1140,SAT,DFW,3,360,65,0
207,AA,1143,TPA,DFW,3,360,170,0
208,AA,1215,DCA,DFW,3,360,210,0
209,AA,1225,COS,DFW,3,360,120,0
210,AA,1406,OMA,DFW,3,360,125,0
211,AA,1584,LAS,DFW,3,360,160,0
212,AA,1596,PDX,DFW,3,360,225,0
213,AA,1602,ELP,DFW,3,360,100,0
214,AA,1615,BDL,DFW,3,360,260,0
215,AA,1631,MSY,MIA,3,360,105,0
216,AA,1670,AUS,ORD,3,360,165,0
217,AA,1755,ABQ,DFW,3,360,105,0
218,AA,1839,OKC,DFW,3,360,60,0
219,AA,1843,BOS,ORD,3,360,175,0
220,AA,1878,SMF,DFW,3,360,205,0
221,AA,1921,EWR,MIA,3,360,185,0
222,AA,1965,STL,DFW,3,360,115,0
223,AA,1994,IAH,MIA,3,360,135,0
224,AA,2037,BNA,MIA,3,360,135,1
225,AA,2060,SEA,ORD,3,360,245,1
226,AA,2103,IAD,MIA,3,360,160,0
227,AA,2203,LGA,MIA,3,360,190,1
228,AA,2299,DTW,MIA,3,360,190,0
229,AA,2301,ORD,DFW,3,360,150,1
230,AA,445,DCA,ORD,3,360,125,0
231,AA,526,SFO,DFW,3,360,215,0
232,AA,528,LAX,MIA,3,360,280,1
233,AA,548,LAX,ORD,3,360,240,0
234,AA,552,SFO,MIA,3,360,315,1
235,AA,654,PHX,DFW,3,360,130,0
236,AA,708,AUS,DFW,3,360,60,0
237,AS,454,SEA,LAX,3,360,150,0
238,AS,55,ANC,FAI,3,360,58,0
239,AS,600,SEA,LAS,3,360,143,0
240,AS,62,FAI,ANC,3,360,70,0
241,AS,81,SEA,ANC,3,360,219,0
242,B6,1001,BOS,JFK,3,360,71,1
243,B6,1133,SYR,JFK,3,360,85,0
244,B6,1224,RDU,BOS,3,360,101,1
245,B6,155,JFK,MCO,3,360,168,0
246,B6,162,RSW,JFK,3,360,156,0
247,B6,1695,BOS,MCO,3,360,192,0
248,B6,19,BTV,JFK,3,360,84,0
249,B6,247,OAK,LGB,3,360,77,0
250,B6,370,FLL,LGA,3,360,159,1
251,B6,371,LGA,FLL,3,360,174,0
252,B6,442,TPA,BOS,3,360,167,0
253,B6,45,ROC,JFK,3,360,83,0
254,B6,52,MCO,JFK,3,360,141,0
255,B6,68,FLL,JFK,3,360,160,1
256,B6,701,JFK,SJU,3,360,218,0
257,CO,1045,CLE,IAH,3,360,190,0
258,CO,1428,CLT,IAH,3,360,180,0
259,CO,1617,MCI,IAH,3,360,118,1
260,CO,1810,SMF,IAH,3,360,220,0
261,CO,1815,OMA,IAH,3,360,138,1
262,CO,308,PDX,IAH,3,360,238,0
263,CO,469,SFO,IAH,3,360,225,1
264,CO,759,DCA,IAH,3,360,206,0
265,CO,89,IAH,EWR,3,360,200,0
266,DL,1084,ANC,MSP,3,360,326,0
267,DL,1106,SEA,SLC,3,360,120,0
268,DL,1157,CMH,ATL,3,360,110,0
269,DL,1181,RSW,ATL,3,360,110,0
270,DL,1249,PWM,ATL,3,360,192,0
271,DL,1297,JFK,ATL,3,360,168,0
272,DL,1301,IND,ATL,3,360,105,0
273,DL,1371,BOS,LGA,3,360,68,0
274,DL,1401,BOS,ATL,3,360,190,0
275,DL,1445,DCA,DTW,3,360,102,0
276,DL,1447,LGA,ATL,3,360,167,0
277,DL,1504,MCI,DTW,3,360,118,0
278,DL,1602,LAS,ATL,3,360,223,0
279,DL,1625,BWI,ATL,3,360,120,0
280,DL,1767,CLT,DTW,3,360,115,0
281,DL,1831,PDX,SLC,3,360,107,1
282,DL,1889,CVG,ATL,3,360,103,0
283,DL,1949,RDU,ATL,3,360,87,0
284,DL,2205,MDW,ATL,3,360,120,0
285,DL,2280,STL,ATL,3,360,110,1
286,DL,2437,CLT,ATL,3,360,82,1
287,DL,2480,SEA,DTW,3,360,253,0
288,DL,2525,BOS,MSP,3,360,210,1
289,DL,2530,BZN,MSP,3,360,138,0
290,DL,2581,SDF,ATL,3,360,84,0
291,DL,2806,SFO,MSP,3,360,222,0
292,DL,2816,LAS,DTW,3,360,233,0
293,DL,725,SFO,SLC,3,360,113,0
294,EV,4942,JAX,DCA,3,360,112,0
295,EV,4946,ABY,ATL,3,360,50,0
296,EV,4979,TRI,ATL,3,360,67,0
297,EV,4998,XNA,ATL,3,360,119,0
298,EV,5011,ROA,DTW,3,360,98,0
299,EV,5027,MLI,ATL,3,360,130,0
300,EV,5079,LYH,ATL,3,360,85,0
301,EV,5141,EVV,ATL,3,360,80,0
302,EV,5169,HPN,ATL,3,360,151,0
303,EV,5265,SYR,DTW,3,360,115,0
304,EV,5275,FAY,ATL,3,360,86,0
305,EV,5313,EWN,ATL,3,360,98,0
306,EV,5316,CSG,ATL,3,360,44,0
307,EV,5366,SGF,ATL,3,360,119,0
308,EV,5374,CAK,ATL,3,360,109,1
309,EV,5387,GPT,ATL,3,360,80,1
310,EV,5435,MLU,ATL,3,360,98,1
311,EV,5460,MOB,ATL,3,360,77,1
312,EV,5479,LFT,ATL,3,360,120,0
313,EV,5491,OAJ,ATL,3,360,98,0
314,EV,5507,CHO,ATL,3,360,102,0
315,EV,5564,ILM,ATL,3,360,88,1
316,EV,5605,ROA,ATL,3,360,86,0
317,EV,7070,ROA,ORD,3,360,116,0
318,EV,7075,DTW,IAD,3,360,90,1
319,EV,7086,DAY,IAD,3,360,90,0
320,EV,7097,CMH,ORD,3,360,82,0
321,EV,7100,CAE,ORD,3,360,128,1
322,EV,7116,JFK,IAD,3,360,81,0
323,EV,7323,BMI,ATL,3,360,115,0
324,EV,7378,DEN,CVG,3,360,158,0
325,F9,225,MDW,DEN,3,360,157,1
326,F9,377,BOS,MKE,3,360,165,1
344,MQ,2731,CVG,DFW,3,360,165,0
345,MQ,2750,JAN,DFW,3,360,100,1
346,MQ,2963,CID,DFW,3,360,140,0
347,MQ,3256,GRK,DFW,3,360,50,0
348,MQ,3265,HOU,DFW,3,360,70,0
349,MQ,3280,CRP,DFW,3,360,80,0
350,MQ,3325,DSM,DFW,3,360,130,0
351,MQ,3357,MOB,DFW,3,360,115,0
352,MQ,3372,BTR,DFW,3,360,90,0
353,MQ,3450,XNA,DFW,3,360,70,0
354,MQ,3512,MKE,DFW,3,360,165,0
355,MQ,3650,TYS,MIA,3,360,135,0
356,MQ,3736,ORD,EWR,3,360,120,1
357,MQ,3748,ORD,MSP,3,360,85,0
358,MQ,3768,EWR,ORD,3,360,165,0
359,MQ,3807,ORD,ATL,3,360,120,1
360,MQ,3853,ATL,ORD,3,360,115,0
361,MQ,3884,CLE,ORD,3,360,85,0
362,MQ,3908,CRW,ORD,3,360,105,0
363,MQ,3914,ICT,ORD,3,360,105,0
364,MQ,3939,BNA,ORD,3,360,105,0
365,MQ,4067,RIC,ORD,3,360,140,0
366,MQ,4114,PIT,ORD,3,360,105,1
367,MQ,4176,CMH,ORD,3,360,80,0
368,MQ,4223,ROC,ORD,3,360,125,0
369,MQ,4260,BWI,ORD,3,360,140,0
370,MQ,4275,MSN,ORD,3,360,55,0
371,MQ,4382,BOS,JFK,3,360,79,0
372,MQ,4420,BOS,LGA,3,360,80,0
373,MQ,4448,DCA,JFK,3,360,70,0
374,MQ,4581,CLT,LGA,3,360,110,1
375,MQ,4625,LGA,RDU,3,360,100,0
376,MQ,4629,RDU,LGA,3,360,95,0
377,MQ,4650,LGA,ATL,3,360,150,0
378,MQ,4697,DTW,LGA,3,360,100,0
379,OH,6341,RIC,DTW,3,360,125,0
380,OH,6357,BDL,DCA,3,360,84,0
381,OH,6379,BOS,JFK,3,360,88,0
382,OH,6401,HTS,CVG,3,360,53,0
383,OH,6560,ORD,JFK,3,360,133,0
384,OH,6655,OMA,MEM,3,360,114,0
385,OH,6668,CHS,LGA,3,360,118,0
386,OO,4611,SAT,SLC,3,360,175,0
387,OO,4662,ABQ,SLC,3,360,101,0
388,OO,4676,BNA,MSP,3,360,144,0
389,OO,4765,LAS,LAX,3,360,75,0
390,OO,4802,DFW,SLC,3,360,168,1
391,OO,4888,COS,MSP,3,360,135,1
392,OO,6245,MFR,SFO,3,360,81,0
393,OO,6285,MFR,DEN,3,360,155,1
394,OO,6300,FAT,LAX,3,360,59,0
395,OO,6330,ONT,SFO,3,360,85,0
396,OO,6345,PSC,SFO,3,360,125,0
397,OO,6359,BOI,SFO,3,360,112,1
398,OO,6399,ORD,MCI,3,360,88,1
399,OO,6405,PDX,SFO,3,360,105,0
400,OO,6434,SBP,LAX,3,360,62,0
401,OO,6471,ABQ,LAX,3,360,121,0
402,OO,6506,ELP,LAX,3,360,137,0
403,OO,6512,CLD,LAX,3,360,40,1
404,OO,6586,PSP,DEN,3,360,131,0
405,OO,6612,SLC,DEN,3,360,93,0
406,OO,6682,SBA,DEN,3,360,142,0
407,OO,6684,MEM,ORD,3,360,110,0
408,OO,6732,MRY,DEN,3,360,146,0
409,OO,6743,ATW,ORD,3,360,55,0
410,OO,6766,GEG,SFO,3,360,136,1
411,OO,6820,RDD,SFO,3,360,78,0
412,OO,6836,PAH,ORD,3,360,78,1
413,OO,6893,ACV,SFO,3,360,82,1
414,OO,6918,CMX,ORD,3,360,82,0
415,OO,6930,ORD,TYS,3,360,87,1
416,OO,6936,SPI,ORD,3,360,60,0
417,OO,6948,COS,ORD,3,360,146,0
418,OO,6949,EUG,DEN,3,360,155,0
419,OO,6975,DFW,ORD,3,360,139,0
420,OO,6997,MKE,ORD,3,360,44,1
421,OO,7006,EUG,PDX,3,360,41,0
422,OO,7008,CIC,SFO,3,360,65,0
423,OO,7049,SEA,PDX,3,360,48,0
424,OO,7763,PIH,SLC,3,360,48,0
425,OO,7768,SGU,SLC,3,360,73,1
426,OO,7799,COD,SLC,3,360,89,0
427,UA,189,BWI,ORD,3,360,135,0
428,UA,18,LAX,DEN,3,360,146,0
429,UA,201,BOS,IAD,3,360,103,0
430,UA,203,BOS,ORD,3,360,171,0
431,UA,226,SFO,BOS,3,360,342,0
432,UA,234,OMA,ORD,3,360,96,1
433,UA,257,JAX,ORD,3,360,156,0
434,UA,303,JFK,SFO,3,360,404,0
435,UA,32,PDX,DEN,3,360,146,0
436,UA,337,PHL,ORD,3,360,137,0
437,UA,376,ORD,PHL,3,360,125,0
438,UA,410,SMF,DEN,3,360,144,0
439,UA,468,SEA,SFO,3,360,130,0
440,UA,475,CLT,ORD,3,360,133,1
441,UA,494,DSM,ORD,3,360,80,0
442,UA,506,SFO,PHX,3,360,120,0
443,UA,510,LAS,SFO,3,360,95,0
444,UA,520,MSP,ORD,3,360,84,0
445,UA,532,DEN,ORD,3,360,141,0
446,UA,650,BDL,IAD,3,360,94,0
447,UA,668,ORD,LGA,3,360,127,1
448,UA,669,LGA,ORD,3,360,150,0
449,UA,705,IAD,ORD,3,360,131,0
450,UA,707,ORD,DEN,3,360,160,0
451,UA,736,SFO,LAS,3,360,98,0
452,UA,740,OAK,DEN,3,360,146,0
453,UA,90,LAX,SFO,3,360,89,0
454,UA,922,ORD,IAD,3,360,108,0
455,US,1050,RDU,CLT,3,360,57,0
456,US,1262,MIA,PHL,3,360,169,0
457,US,1267,LGA,PHL,3,360,57,0
458,US,1296,STL,CLT,3,360,113,0
459,US,1440,BNA,CLT,3,360,74,0
460,US,1772,MHT,CLT,3,360,152,0
461,US,1997,ORD,CLT,3,360,118,0
462,US,2021,BOS,DCA,3,360,96,0
463,US,2114,LGA,BOS,3,360,62,1
464,US,2115,BOS,LGA,3,360,70,0
465,US,2158,DCA,LGA,3,360,60,0
466,US,2161,LGA,DCA,3,360,59,0
467,US,270,IAH,PHX,3,360,172,0
468,US,56,ORD,PHL,3,360,119,0
469,US,578,SFO,PHX,3,360,111,0
470,US,595,MCI,PHX,3,360,174,0
471,US,652,IND,PHX,3,360,235,0
472,US,86,OMA,PHX,3,360,175,1
473,US,952,FLL,PHL,3,360,157,0
474,US,985,MSY,CLT,3,360,108,1
475,WN,1067,OAK,SAN,3,360,85,1
476,WN,109,MSY,DEN,3,360,180,0
477,WN,1289,GEG,SEA,3,360,70,0
478,WN,1357,SMF,ONT,3,360,80,0
479,WN,1851,ONT,OAK,3,360,80,1
480,WN,1929,LAX,DEN,3,360,135,0
481,WN,2529,IND,DEN,3,360,185,1
482,WN,2643,SMF,LAX,3,360,80,1
483,WN,2891,MDW,IAD,3,360,105,0
484,WN,3061,LGA,MDW,3,360,150,0
485,WN,367,MDW,BNA,3,360,85,1
486,WN,3,LIT,DAL,3,360,70,0
487,WN,406,SEA,LAS,3,360,140,1
488,WN,425,BOS,MDW,3,360,175,0
489,WN,647,PHX,DEN,3,360,105,1
490,WN,702,MDW,LAS,3,360,245,1
491,WN,735,IAD,DEN,3,360,240,0
492,WN,748,SMF,DEN,3,360,145,1
493,WN,799,LAX,SFO,3,360,80,0
494,WN,944,OAK,ONT,3,360,75,1
495,XE,2143,GSP,IAH,3,360,160,1
496,XE,2231,JAN,IAH,3,360,77,1
497,XE,2384,SHV,IAH,3,360,55,0
498,XE,2485,ORF,IAH,3,360,201,0
499,XE,2614,CMH,EWR,3,360,97,0
500,XE,2644,GPT,IAH,3,360,81,1
501,XE,2652,LEX,IAH,3,360,159,1
502,XE,2745,BNA,EWR,3,360,127,0
503,XE,2904,GRR,CLE,3,360,58,1
504,XE,2997,MSP,EWR,3,360,158,1
505,XE,3037,CHS,IAH,3,360,167,0
506,XE,3047,BHM,IAH,3,360,116,1
507,XE,3066,RIC,EWR,3,360,69,0
508,XE,3115,PVD,CLE,3,360,117,0
509,XE,5905,ABE,ORD,3,360,136,1
510,XE,5924,ICT,ORD,3,360,110,1
511,XE,5941,TUL,ORD,3,360,113,0
512,XE,5949,BTV,ORD,3,360,159,0
513,XE,5958,GRB,ORD,3,360,60,0
514,XE,5983,CLE,IAD,3,360,75,1
515,XE,5984,TYS,IAD,3,360,95,0
516,XE,5986,FAR,ORD,3,360,112,1
517,XE,5991,XNA,ORD,3,360,105,0
518,XE,5992,FSD,ORD,3,360,96,0
519,YV,2692,MEM,CLT,3,360,105,0
520,YV,2718,MRY,PHX,3,360,145,0
521,YV,2931,SAT,PHX,3,360,146,0
522,YV,7218,ATL,IAD,3,360,100,0
523,YV,7236,ROC,ORD,3,360,117,0
524,YV,7238,ORD,JAX,3,360,135,0
525,YV,7287,ORF,ORD,3,360,143,0
526,B6,742,SJU,MCO,3,361,184,0
527,OO,6965,AVL,ORD,3,361,109,0
528,UA,664,SFO,ORD,3,361,249,0
529,CO,1406,PIT,IAH,3,362,188,1
530,OO,6497,BFL,DEN,3,362,144,0
531,OO,6749,RAP,DEN,3,362,76,0
532,OO,6829,SMF,SFO,3,362,48,0
533,OO,7052,DRO,DEN,3,362,76,0
534,UA,59,DEN,SFO,3,362,167,0
535,UA,635,RDU,ORD,3,362,139,0
536,UA,675,BUF,ORD,3,362,113,0
537,XE,5902,PIA,ORD,3,362,63,0
538,B6,1320,BWI,BOS,3,363,77,0
539,B6,740,PSE,JFK,3,363,237,0
540,DL,1943,EWR,ATL,3,363,156,0
541,XE,2006,GSO,EWR,3,363,89,0
542,XE,2783,TYS,IAH,3,363,142,0
543,HA,205,OGG,HNL,3,364,33,0
544,OO,6495,COS,LAX,3,364,161,0
545,OO,6991,BHM,ORD,3,364,132,1
546,UA,261,SFO,LAX,3,364,95,0
547,9E,3698,PIA,MSP,3,365,100,0
548,9E,3964,ALB,JFK,3,365,90,1
549,9E,4227,FWA,CVG,3,365,52,0
550,AA,1002,DEN,DFW,3,365,125,0
551,AA,1331,MCI,DFW,3,365,105,0
552,AA,1425,STL,ORD,3,365,75,0
553,AA,1698,SLC,DFW,3,365,170,0
554,AA,1851,DCA,MIA,3,365,160,1
555,AA,1938,MSP,MIA,3,365,225,0
556,AA,2127,PHL,MIA,3,365,175,0
557,AA,697,FLL,DFW,3,365,190,0
558,AA,705,LGA,DFW,3,365,250,0
559,AS,730,ANC,SEA,3,365,205,0
560,AS,73,SIT,JNU,3,365,42,0
561,B6,1235,BOS,RDU,3,365,125,0
562,B6,451,BOS,FLL,3,365,204,0
563,CO,1093,CMH,IAH,3,365,168,1
564,CO,1471,TUL,IAH,3,365,95,0
565,CO,151,RDU,IAH,3,365,180,0
566,CO,1831,PBI,IAH,3,365,163,0
567,DL,1024,BDL,ATL,3,365,175,0
568,DL,1583,RSW,CVG,3,365,141,0
569,DL,1937,BWI,DTW,3,365,103,0
570,DL,1982,MEM,ATL,3,365,85,0
571,DL,2385,BOS,CVG,3,365,145,0
572,DL,2931,LGA,DTW,3,365,118,0
573,DL,2940,OAK,SLC,3,365,108,0
574,EV,5343,GRR,ATL,3,365,130,0
577,MQ,3074,LAX,RNO,3,365,90,0
578,MQ,3366,CAE,DFW,3,365,185,0
579,MQ,3391,TXK,DFW,3,365,60,1
580,MQ,3894,XNA,ORD,3,365,100,1
581,MQ,4015,JAX,ORD,3,365,160,0
582,MQ,4077,ABE,ORD,3,365,140,0
583,OH,6358,LIT,DTW,3,365,131,0
584,OH,6522,PHL,MEM,3,365,178,0
585,OO,3045,DSM,MKE,3,365,66,0
586,OO,4794,ONT,SLC,3,365,104,0
587,OO,6232,FAT,LAS,3,365,77,1
588,OO,6558,RNO,DEN,3,365,129,0
589,OO,6722,PSC,DEN,3,365,139,1
590,OO,6750,ORD,ATL,3,365,124,1
591,UA,112,ONT,DEN,3,365,139,0
592,UA,524,ORD,BOS,3,365,139,0
593,UA,600,ORD,DCA,3,365,111,0
594,UA,634,ORD,EWR,3,365,125,0
595,US,486,RNO,PHX,3,365,107,0
596,WN,1136,LAS,LAX,3,365,65,0
597,WN,1426,STL,DAL,3,365,110,1
598,WN,1461,DEN,LAS,3,365,120,1
599,WN,1481,BNA,DEN,3,365,185,1
600,WN,1687,STL,DEN,3,365,150,1
601,WN,1772,SFO,SAN,3,365,85,0
602,WN,1824,MHT,BWI,3,365,110,1
603,WN,1945,SEA,DEN,3,365,160,1
604,WN,2557,STL,MDW,3,365,65,0
605,WN,2885,LAS,DEN,3,365,115,0
606,WN,28,BOS,BWI,3,365,110,0
607,WN,317,MDW,DEN,3,365,170,1
608,WN,3842,LAS,PHX,3,365,70,0
609,WN,388,AUS,ELP,3,365,100,1
610,WN,410,CMH,MDW,3,365,70,1
611,WN,673,DAL,SAT,3,365,65,0
612,XE,2528,MHT,CLE,3,365,119,0
613,XE,2696,DAY,CLE,3,365,54,0
614,XE,2995,IAD,IAH,3,365,211,0
615,CO,689,DTW,IAH,3,366,185,0
616,OO,6369,TUS,SFO,3,367,133,1
617,OO,6374,PSP,SFO,3,367,88,0
618,YV,7305,CLT,IAD,3,367,79,0
619,9E,3683,SCE,DTW,3,370,90,0
620,AA,1032,ONT,DFW,3,370,180,0
621,AA,1354,LAS,MIA,3,370,265,0
622,AA,1723,BWI,MIA,3,370,160,0
623,AA,2410,LAX,DFW,3,370,185,0
624,AA,301,LGA,ORD,3,370,160,0
625,AA,398,ORD,LGA,3,370,120,0
626,AA,488,SEA,DFW,3,370,230,1
627,AA,532,DFW,RDU,3,370,145,0
628,AA,700,DFW,LGA,3,370,190,1
629,AA,817,BNA,DFW,3,370,130,0
630,AS,151,ANC,OTZ,3,370,95,0
631,AS,340,SEA,OAK,3,370,122,0
632,AS,561,LAX,PDX,3,370,147,0
633,DL,1453,LGA,MSP,3,370,184,0
634,DL,1597,PHL,MSP,3,370,180,0
635,DL,1661,DTW,ATL,3,370,136,0
636,DL,1815,LGA,CVG,3,370,129,0
637,DL,2782,MSY,MEM,3,370,83,1
638,DL,2865,BUF,ATL,3,370,154,0
639,DL,328,JAN,ATL,3,370,83,0
640,EV,5176,VPS,MEM,3,370,88,0
641,EV,5247,DCA,MEM,3,370,147,1
642,EV,5612,MEI,ATL,3,370,68,1
643,EV,7119,ROC,IAD,3,370,80,0
644,EV,7132,CAE,IAD,3,370,83,0
645,F9,453,LGA,MKE,3,370,135,0
646,F9,653,ATL,DEN,3,370,201,1
650,MQ,2743,FAY,DFW,3,370,195,0
651,MQ,3612,BHM,MIA,3,370,115,0
652,MQ,3685,MEM,MIA,3,370,145,0
653,MQ,4076,FAR,ORD,3,370,130,0
654,MQ,4117,TRI,ORD,3,370,110,0
655,MQ,4152,AZO,ORD,3,370,60,0
656,MQ,4414,RDU,JFK,3,370,95,0
657,MQ,4419,RDU,DCA,3,370,65,1
658,OH,6340,EWR,MEM,3,370,187,1
659,OH,6360,MDT,DTW,3,370,107,0
660,OH,6397,SYR,JFK,3,370,90,0
661,OH,6405,GSO,ATL,3,370,93,0
662,OH,6686,STL,CVG,3,370,73,0
663,OH,6770,IND,DCA,3,370,100,0
664,OO,4531,FCA,SLC,3,370,97,0
665,OO,4681,EUG,SLC,3,370,113,0
666,OO,4682,SJC,SLC,3,370,112,0
667,OO,4713,RAP,SLC,3,370,104,1
668,OO,4729,MFR,SLC,3,370,112,0
669,OO,4756,MCI,SLC,3,370,162,1
670,OO,6364,SBA,LAX,3,370,48,0
671,OO,6465,SLC,LAX,3,370,120,0
672,OO,6674,FAT,DEN,3,370,134,0
673,OO,6716,CRW,ORD,3,370,97,0
674,OO,6826,MRY,SFO,3,370,35,0
675,OO,6850,ORD,MBS,3,370,60,1
676,UA,414,ORD,BDL,3,370,129,0
677,UA,732,SEA,ORD,3,370,242,0
678,UA,893,BOS,SFO,3,370,410,0
679,UA,966,LAX,IAD,3,370,292,0
680,US,1223,SYR,DCA,3,370,82,0
681,US,12,SMF,PHX,3,370,109,0
682,US,1703,PVD,DCA,3,370,87,0
683,US,506,BOS,PHX,3,370,364,0
684,US,590,OAK,PHX,3,370,112,0
685,US,641,DFW,PHX,3,370,157,1
686,WN,1105,LAS,MDW,3,370,215,0
687,WN,1762,OAK,DEN,3,370,155,0
688,WN,3060,LAX,PHX,3,370,75,0
689,WN,3684,SAT,DEN,3,370,145,0
690,WN,3762,MSP,STL,3,370,105,1
691,WN,379,OAK,SEA,3,370,125,1
692,WN,380,SFO,DEN,3,370,155,0
693,WN,682,AUS,DEN,3,370,140,0
694,WN,821,OAK,LAX,3,370,75,0
695,XE,2251,IND,EWR,3,370,114,0
696,XE,2323,ALB,CLE,3,370,102,0
697,XE,2445,BOS,CLE,3,370,125,0
698,XE,2585,STL,EWR,3,370,137,0
699,XE,2718,BWI,EWR,3,370,54,0
700,XE,5998,ROA,IAD,3,370,65,1
701,YV,2735,ELP,PHX,3,370,80,0
702,YV,2933,ABQ,PHX,3,370,76,0
703,OO,6759,LIT,ORD,3,371,115,0
704,UA,791,LAS,DEN,3,371,120,0
705,UA,894,DEN,LAX,3,371,159,0
706,OO,6320,LAX,SAN,3,372,48,0
707,UA,871,MCI,DEN,3,372,118,0
708,XE,5950,BUF,IAD,3,372,74,0
709,HA,107,KOA,HNL,3,373,42,0
710,UA,243,MSP,DEN,3,373,139,0
711,UA,796,RDU,IAD,3,373,69,0
712,UA,812,GEG,DEN,3,373,133,0
713,XE,3081,BTV,EWR,3,373,77,0
714,9E,3692,FSD,DTW,3,375,130,1
715,9E,3751,ROC,DTW,3,375,103,0
716,9E,3815,PNS,MEM,3,375,91,0
717,9E,3946,MSN,MEM,3,375,118,0
718,9E,3997,MLI,MEM,3,375,96,0
719,9E,4259,PLN,DTW,3,375,95,0
720,9E,4388,IAD,DTW,3,375,108,0
721,9E,4390,CID,DTW,3,375,106,0
722,AA,2258,SAT,DFW,3,375,65,0
723,B6,1249,BOS,IAD,3,375,100,1
724,CO,1576,SJC,IAH,3,375,228,0
725,CO,1649,FLL,IAH,3,375,164,0
726,CO,223,SEA,IAH,3,375,245,0
727,DL,1125,PHF,ATL,3,375,116,0
728,DL,1244,HOU,ATL,3,375,130,0
729,DL,1408,DEN,MSP,3,375,129,0
730,DL,1432,BWI,MEM,3,375,147,0
731,DL,1516,DEN,ATL,3,375,170,0
732,DL,1762,BNA,DTW,3,375,126,0
733,DL,1909,FNT,ATL,3,375,146,0
734,DL,1999,MCI,MEM,3,375,88,0
735,DL,2052,MSY,ATL,3,375,95,0
736,DL,2154,LAX,ATL,3,375,252,1
737,DL,2570,LAX,SLC,3,375,119,0
738,DL,2578,SAN,SLC,3,375,120,0
739,EV,4993,ATL,DTW,3,375,110,1
740,EV,5075,MDT,ATL,3,375,133,0
741,EV,5182,GNV,ATL,3,375,75,0
742,EV,5364,MGM,MEM,3,375,76,0
743,EV,5611,LEX,ATL,3,375,85,0
744,EV,7349,OKC,MEM,3,375,93,0
745,F9,103,MSP,DEN,3,375,131,0
746,F9,143,HOU,DEN,3,375,146,0
747,F9,192,DAY,DEN,3,375,189,0
748,F9,262,STL,DEN,3,375,144,0
749,F9,319,DCA,MKE,3,375,130,0
750,F9,38,SEA,DEN,3,375,154,0
751,F9,496,CAK,DEN,3,375,202,1
755,MQ,2810,SHV,DFW,3,375,60,0
756,MQ,3314,FWA,DFW,3,375,165,0
757,MQ,3600,CHS,MIA,3,375,105,0
758,MQ,4199,EVV,ORD,3,375,85,0
759,MQ,4503,CMH,JFK,3,375,105,0
760,MQ,4576,LGA,CLT,3,375,120,0
761,MQ,4590,MSP,LGA,3,375,164,0
762,MQ,4599,LGA,MSP,3,375,175,0
763,OH,6566,RIC,JFK,3,375,85,0
764,OH,6594,BHM,LGA,3,375,150,1
765,OO,4478,ORD,SLC,3,375,205,1
766,OO,4553,LAX,LAS,3,375,70,0
767,OO,4654,HLN,SLC,3,375,69,0
768,OO,6463,SMF,LAX,3,375,95,0
769,OO,6992,DLH,ORD,3,375,90,0
770,UA,33,DFW,DEN,3,375,136,0
771,US,1125,BDL,CLT,3,375,140,0
772,US,1433,BOS,CLT,3,375,152,0
773,US,1517,BDL,DCA,3,375,81,1
774,US,1626,CLT,LGA,3,375,100,0
775,US,1812,PHL,BOS,3,375,74,0
776,WN,1056,STL,LAS,3,375,235,1
777,WN,107,MDW,PHL,3,375,125,0
778,WN,1155,ONT,PHX,3,375,70,0
779,WN,1199,OKC,HOU,3,375,85,1
780,WN,1320,LAS,SEA,3,375,165,0
781,WN,1400,DEN,MDW,3,375,145,0
782,WN,1628,DAL,HOU,3,375,60,1
783,WN,1636,HOU,DAL,3,375,60,0
784,WN,1657,ELP,SAT,3,375,80,0
785,WN,1915,BDL,BWI,3,375,80,1
786,WN,2377,PIT,MCO,3,375,150,1
787,WN,2706,ELP,AUS,3,375,85,0
788,WN,3756,LAX,SMF,3,375,80,0
789,WN,3915,AUS,HOU,3,375,50,1
790,WN,532,PHX,MDW,3,375,200,1
791,WN,568,BHM,PHX,3,375,240,1
792,WN,685,OMA,STL,3,375,70,0
793,WN,697,LBB,AUS,3,375,70,0
794,WN,6,CRP,HOU,3,375,50,0
795,WN,756,MDW,MCI,3,375,95,1
796,WN,840,DEN,PHX,3,375,120,0
797,WN,912,OAK,SNA,3,375,85,1
798,XE,2046,AEX,IAH,3,375,62,0
799,XE,2072,RIC,IAH,3,375,199,1
800,XE,2175,BNA,IAH,3,375,134,0
801,XE,2535,SDF,EWR,3,375,114,0
802,XE,2853,DAY,EWR,3,375,108,0
803,XE,2946,JAX,EWR,3,375,132,0
804,YV,2631,EWR,CLT,3,375,115,0
805,YV,2924,AUS,PHX,3,375,148,0
806,HA,113,HNL,LIH,3,376,35,0
807,UA,472,SMF,ORD,3,376,245,0
808,OO,6314,PSP,LAX,3,377,47,0
809,UA,185,PHL,SFO,3,377,389,0
810,UA,671,PHX,SFO,3,377,138,0
811,OO,6438,GJT,DEN,3,378,60,0
812,OO,6568,SAN,LAX,3,378,52,0
813,OO,7037,CPR,DEN,3,378,69,0
814,UA,16,SAN,ORD,3,378,244,1
815,UA,484,SAN,DEN,3,378,149,0
816,OH,6621,LEX,DTW,3,379,86,0
817,UA,988,DSM,DEN,3,379,127,0
818,9E,3684,PIT,JFK,3,380,106,0
819,9E,3779,FSM,MEM,3,380,67,0
820,9E,3934,TUL,MEM,3,380,83,0
821,9E,4052,DAL,MEM,3,380,88,0
822,9E,4138,BUF,DTW,3,380,85,0
823,AA,1096,SAN,ORD,3,380,250,0
824,AA,1185,RDU,DFW,3,380,200,1
825,AA,1280,SJC,DFW,3,380,215,0
826,AA,1433,BDL,MIA,3,380,205,0
827,AA,1434,DFW,MCO,3,380,145,0
828,AA,1466,DFW,BOS,3,380,200,1
829,AA,2065,MFE,DFW,3,380,95,0
830,AA,2515,STL,MIA,3,380,160,0
831,AA,496,ORD,DCA,3,380,99,0
832,AA,689,ORF,DFW,3,380,220,1
833,AA,971,ATL,MIA,3,380,110,0
834,AS,477,LAX,SEA,3,380,165,0
835,AS,537,ONT,SEA,3,380,166,0
836,AS,658,PDX,SJC,3,380,108,0
837,B6,1321,BOS,BWI,3,380,89,0
838,CO,605,OKC,IAH,3,380,80,0
839,DL,1212,LAX,MSP,3,380,220,1
840,DL,1449,IAD,ATL,3,380,129,0
841,DL,1756,SAT,MSP,3,380,168,0
842,DL,1872,TPA,ATL,3,380,90,0
843,DL,2346,PDX,ATL,3,380,279,0
844,DL,2414,FLL,JFK,3,380,169,0
845,DL,2513,MSP,ATL,3,380,167,1
846,EV,4991,MYR,ATL,3,380,81,0
847,EV,5428,LFT,MEM,3,380,83,0
848,EV,7095,GSO,IAD,3,380,67,0
849,F9,650,SFO,DEN,3,380,150,0
850,F9,765,AUS,DEN,3,380,133,1
855,MQ,2985,AGS,DFW,3,380,175,0
856,MQ,3081,SAN,LAX,3,380,45,0
857,MQ,3302,MLI,DFW,3,380,140,0
858,MQ,4004,CVG,ORD,3,380,80,1
859,MQ,4278,CMI,ORD,3,380,55,0
860,OO,4529,OMA,SLC,3,380,156,1
861,OO,4554,GTF,SLC,3,380,88,0
862,OO,4638,SAN,LAX,3,380,49,0
863,OO,4667,TUL,SLC,3,380,154,1
864,OO,6454,MSN,ORD,3,380,55,0
865,OO,6701,FAR,DEN,3,380,128,0
866,OO,6832,SBA,SFO,3,380,88,0
867,OO,6974,HDN,DEN,3,380,67,1
868,UA,143,TPA,ORD,3,380,170,0
869,UA,353,LAX,LAS,3,380,80,0
870,UA,381,BDL,ORD,3,380,161,0
871,UA,658,SJC,DEN,3,380,156,0
872,US,1434,MIA,CLT,3,380,126,0
873,US,542,SJC,PHX,3,380,113,0
874,WN,1329,ONT,SMF,3,380,90,0
875,WN,1472,DEN,LAX,3,380,155,0
876,WN,1566,ALB,BWI,3,380,95,1
877,WN,1591,PHL,BOS,3,380,80,0
878,WN,220,BHM,HOU,3,380,115,0
879,WN,2552,RNO,LAS,3,380,80,1
880,WN,496,PDX,DEN,3,380,145,1
881,WN,758,DAL,LIT,3,380,60,0
882,WN,831,PHL,MDW,3,380,135,1
883,WN,909,ECP,BWI,3,380,130,0
884,XE,2208,MCI,EWR,3,380,157,0
885,XE,2788,CVG,EWR,3,380,112,0
886,YV,2934,BFL,PHX,3,380,92,1
888,HA,105,OGG,HNL,3,381,33,0
889,UA,132,PDX,ORD,3,381,234,0
890,UA,73,SAN,SFO,3,382,103,0
891,DL,1241,GSP,ATL,3,383,63,1
892,HA,101,ITO,HNL,3,383,49,0
893,UA,91,EWR,SFO,3,383,393,0
894,XE,2164,PIT,EWR,3,383,83,0
895,DL,1260,GEG,SLC,3,384,110,1
896,OO,6727,MTJ,DEN,3,384,63,0
897,9E,3928,PIA,DTW,3,385,93,0
898,AA,1361,HSV,DFW,3,385,135,0
899,AA,1462,MCI,ORD,3,385,95,0
900,AA,2042,DFW,FLL,3,385,150,0
901,AA,404,MIA,MCO,3,385,60,0
902,AA,419,BOS,DFW,3,385,270,0
903,AA,509,DTW,DFW,3,385,185,0
904,AA,608,SAN,DFW,3,385,185,0
905,AA,810,SFO,ORD,3,385,255,0
906,AS,304,SEA,SFO,3,385,133,0
907,B6,110,MSY,JFK,3,385,163,0
908,CO,1087,MCO,IAH,3,385,150,0
909,CO,1437,TPA,IAH,3,385,142,1
910,CO,625,EWR,CLE,3,385,100,0
911,CO,651,AUS,EWR,3,385,205,0
912,CO,724,CLE,EWR,3,385,83,0
913,DL,1092,TPA,DTW,3,385,169,0
914,DL,1192,SMF,SLC,3,385,103,0
915,DL,1592,SAN,ATL,3,385,249,0
916,DL,2163,DCA,MSP,3,385,173,0
917,DL,2258,RDU,MSP,3,385,184,0
918,DL,2283,CAE,ATL,3,385,78,1
919,DL,2728,RNO,SLC,3,385,92,0
920,DL,2938,ATL,DCA,3,385,94,0
921,EV,7305,HSV,MEM,3,385,67,0
922,EV,7372,GPT,MEM,3,385,83,1
923,F9,71,DTW,DEN,3,385,189,0
924,F9,790,PDX,DEN,3,385,144,1
927,MQ,2782,LEX,DFW,3,385,160,1
928,MQ,2830,PNS,DFW,3,385,125,0
929,MQ,4375,DCA,RDU,3,385,65,0
930,MQ,4464,LGA,BOS,3,385,65,0
931,OH,6421,EWR,CVG,3,385,140,1
932,OO,4489,COS,SLC,3,385,95,0
933,OO,4551,RDM,SLC,3,385,101,1
934,OO,4624,FAT,SLC,3,385,104,1
935,OO,4645,BTM,SLC,3,385,73,1
936,OO,4714,CPR,SLC,3,385,73,0
937,OO,4840,BIL,SLC,3,385,80,0
938,OO,6401,EUG,SFO,3,385,96,0
939,OO,6547,IAH,ORD,3,385,151,0
940,US,1019,PVD,CLT,3,385,143,0
941,US,1656,BUF,CLT,3,385,116,0
942,US,220,SAN,PHX,3,385,84,0
943,US,375,JFK,CLT,3,385,120,0
944,WN,1019,SFO,LAX,3,385,75,0
945,WN,1093,BUF,BWI,3,385,90,0
946,WN,1633,LAS,TUS,3,385,75,0
947,WN,205,SAT,MDW,3,385,155,0
948,WN,2102,LAS,SJC,3,385,85,0
949,WN,219,SMF,LAS,3,385,80,0
950,WN,264,DEN,STL,3,385,120,0
951,WN,3073,PVD,BWI,3,385,90,1
952,WN,370,PDX,SJC,3,385,105,0
953,WN,550,PHX,SJC,3,385,125,0
954,WN,579,LAX,OAK,3,385,80,0
955,WN,609,ABQ,PHX,3,385,80,0
956,WN,703,DAL,TUL,3,385,60,0
957,WN,734,DEN,MCI,3,385,105,1
958,WN,792,DTW,BNA,3,385,105,1
959,WN,863,MSY,HOU,3,385,75,0
960,WN,8,HRL,HOU,3,385,60,0
961,XE,2094,DTW,EWR,3,385,97,0
962,XE,2169,EWR,CMH,3,385,114,0
963,XE,2377,DSM,IAH,3,385,150,0
964,XE,2419,CLT,CLE,3,385,92,0
965,XE,2563,EWR,STL,3,385,172,1
966,XE,2660,XNA,IAH,3,385,104,1
967,XE,2927,DCA,CLE,3,385,72,1
968,XE,5973,TVC,ORD,3,385,79,0
969,YV,2702,SBP,PHX,3,385,94,0
970,YV,2903,SBA,PHX,3,385,91,0
971,OO,6828,RNO,SFO,3,386,69,0
972,XE,3067,PVD,EWR,3,386,64,0
973,UA,491,OKC,DEN,3,387,113,0
974,9E,3931,MBS,MSP,3,388,102,0
976,OO,6517,TUS,LAX,3,388,95,0
977,OO,6933,ORD,LAN,3,388,49,0
978,XE,2821,ORF,CLE,3,388,107,1
979,XE,2921,GRR,IAH,3,388,182,0
980,OO,6243,SAT,LAX,3,389,201,0
981,OO,6564,COS,DEN,3,389,49,0
982,XE,2183,EWR,IND,3,389,139,0
983,XE,2437,EWR,RDU,3,389,104,0
984,XE,2549,EWR,CVG,3,389,131,0
985,9E,3669,SGF,MEM,3,390,75,1
986,9E,3778,COU,MEM,3,390,82,0
987,9E,3890,DLH,DTW,3,390,112,0
988,9E,3970,BHM,MEM,3,390,68,0
989,9E,3974,TVC,DTW,3,390,82,0
990,9E,4001,ORD,MEM,3,390,115,1
991,9E,4014,IND,DTW,3,390,80,0
992,9E,4117,ROC,ATL,3,390,145,1
993,9E,4211,STL,MEM,3,390,75,0
994,9E,4251,RDU,CVG,3,390,100,0
995,AA,1083,IAD,DFW,3,390,210,0
996,AA,1182,LAX,AUS,3,390,175,0
997,AA,1637,MCO,ORD,3,390,185,0
998,AA,201,JFK,LAX,3,390,385,0
999,AA,2401,DFW,LAX,3,390,205,0
1000,AA,851,TUL,ORD,3,390,120,0
1001,AS,232,SEA,SAN,3,390,154,0
1002,AS,493,SAN,SEA,3,390,183,0
1003,AS,502,SEA,SNA,3,390,161,0
1004,B6,1012,JFK,BOS,3,390,65,0
1005,B6,1790,DCA,BOS,3,390,85,0
1006,B6,591,HPN,MCO,3,390,164,0
1007,B6,921,BOS,ORD,3,390,169,0
1008,CO,1116,EWR,BOS,3,390,72,0
1009,CO,1121,BOS,EWR,3,390,81,0
1010,CO,338,EWR,MIA,3,390,187,1
1011,CO,350,EWR,AUS,3,390,260,1
1012,CO,501,IND,IAH,3,390,147,0
1013,CO,561,SAT,EWR,3,390,212,0
1014,DL,1162,BNA,ATL,3,390,90,0
1015,DL,1209,BOS,SLC,3,390,342,1
1016,DL,1254,PNS,ATL,3,390,83,1
1017,DL,132,SFO,JFK,3,390,330,0
1018,DL,1370,LGA,BOS,3,390,69,0
1019,DL,1373,BOS,LGA,3,390,82,0
1020,DL,1418,MCO,ATL,3,390,94,0
1021,DL,1758,CHS,ATL,3,390,75,0
1022,DL,1871,BOI,SLC,3,390,70,1
1023,DL,1981,MSP,MEM,3,390,125,1
1024,DL,2061,PHL,ATL,3,390,140,1
1025,DL,246,LAX,JFK,3,390,320,0
1026,DL,2504,SAV,ATL,3,390,74,0
1027,DL,2613,TYS,ATL,3,390,64,0
1028,DL,2700,SJC,MSP,3,390,228,0
1029,DL,2724,BIS,MSP,3,390,79,1
1030,DL,2826,JAX,ATL,3,390,89,0
1031,DL,2853,HSV,ATL,3,390,80,0
1032,DL,2956,SAN,JFK,3,390,324,0
1033,DL,2960,MIA,ATL,3,390,127,0
1034,EV,5078,BTR,MEM,3,390,76,0
1035,EV,5272,MOB,MEM,3,390,76,0
1036,EV,5413,ATW,ATL,3,390,138,1
1037,EV,5590,XNA,MEM,3,390,66,0
1038,EV,5600,VPS,ATL,3,390,90,1
1039,EV,7311,MLU,MEM,3,390,70,1
1040,EV,7320,SHV,MEM,3,390,66,0
1041,EV,7360,JAN,MEM,3,390,64,0
1042,F9,416,LAX,DEN,3,390,140,0
1043,F9,510,SAN,DEN,3,390,143,0
1051,MQ,2738,GSP,DFW,3,390,175,0
1052,MQ,2935,MSN,DFW,3,390,160,0
1053,MQ,2943,DFW,CVG,3,390,130,0
1054,MQ,3007,SBA,LAX,3,390,45,1
1055,MQ,3203,DFW,AMA,3,390,75,0
1056,MQ,3307,DFW,CRP,3,390,80,0
1057,MQ,3322,GSO,DFW,3,390,200,0
1058,MQ,3393,DFW,MKE,3,390,140,0
1059,MQ,3534,LIT,DFW,3,390,80,0
1060,MQ,3614,CLE,MIA,3,390,185,0
1061,MQ,3665,PIT,MIA,3,390,180,1
1062,MQ,3923,FSD,ORD,3,390,105,0
1063,MQ,4069,BMI,ORD,3,390,50,1
1064,MQ,4174,BUF,ORD,3,390,120,0
1065,MQ,4187,DSM,ORD,3,390,85,1
1066,MQ,4436,BNA,DCA,3,390,105,0
1067,MQ,4652,ATL,LGA,3,390,120,0
1068,OH,6276,CRW,DTW,3,390,79,1
1069,OH,6417,DAY,MSP,3,390,144,0
1070,OH,6597,JFK,CVG,3,390,135,0
1071,OH,6658,CMH,DCA,3,390,81,0
1072,OO,4575,OKC,SLC,3,390,142,1
1073,OO,4629,PSC,SLC,3,390,90,0
1074,OO,4657,LEX,MSP,3,390,130,1
1075,OO,4671,MSO,SLC,3,390,82,0
1076,OO,4762,PSP,SLC,3,390,102,1
1077,OO,4826,FAR,SLC,3,390,145,1
1078,OO,4881,MKE,MEM,3,390,115,0
1079,OO,7011,SMX,LAX,3,390,57,0
1080,OO,7800,TWF,SLC,3,390,55,0
1081,UA,837,DFW,SFO,3,390,241,0
1082,UA,89,PVD,ORD,3,390,165,0
1083,US,1085,LAS,CLT,3,390,245,0
1084,US,1210,DFW,PHL,3,390,185,0
1085,US,1293,BOS,PHL,3,390,93,0
1086,US,1525,FLL,CLT,3,390,115,0
1087,US,1539,LGA,CLT,3,390,127,1
1088,US,1592,ATL,PHL,3,390,115,0
1089,US,1613,EWR,CLT,3,390,124,1
1090,US,1744,CLT,PHL,3,390,97,0
1091,US,1800,PBI,CLT,3,390,112,0
1092,US,183,ONT,PHX,3,390,75,0
1093,US,2020,DCA,BOS,3,390,79,0
1094,US,250,SAN,PHX,3,390,84,1
1095,US,522,EWR,PHX,3,390,345,0
1096,US,567,LAX,PHX,3,390,80,0
1097,US,57,LAS,PHX,3,390,74,0
1098,US,654,JFK,PHX,3,390,349,1
1099,US,680,PHX,CLT,3,390,225,1
1100,US,700,LAX,PHL,3,390,300,1
1101,US,829,DTW,CLT,3,390,103,0
1102,WN,1092,MDW,STL,3,390,65,0
1103,WN,1107,LIT,STL,3,390,70,1
1104,WN,1127,AUS,DAL,3,390,55,0
1105,WN,1254,TUS,DEN,3,390,115,1
1106,WN,1326,MHT,MDW,3,390,165,1
1107,WN,1585,MDW,CMH,3,390,70,1
1108,WN,1683,SAN,SJC,3,390,90,0
1109,WN,1751,HOU,STL,3,390,115,0
1110,WN,1868,OMA,MDW,3,390,85,1
1111,WN,201,DAL,HOU,3,390,60,0
1112,WN,2264,BNA,BWI,3,390,100,0
1113,WN,2442,DAL,AUS,3,390,55,0
1114,WN,2459,OKC,DEN,3,390,100,1
1115,WN,249,SJC,LAX,3,390,75,1
1116,WN,250,FLL,MCO,3,390,55,0
1117,WN,2990,SJC,SNA,3,390,75,0
1118,WN,2,HOU,DAL,3,390,55,1
1119,WN,324,GEG,DEN,3,390,135,1
1120,WN,3485,CLE,BNA,3,390,100,0
1121,WN,459,ONT,DEN,3,390,135,1
1122,WN,535,ISP,MDW,3,390,155,0
1123,WN,760,PVD,MDW,3,390,165,0
1124,WN,779,BWI,MCO,3,390,140,1
1125,WN,900,SAN,PHX,3,390,75,0
1126,WN,971,LAS,ONT,3,390,55,0
1127,XE,2149,DAL,IAH,3,390,58,0
1128,XE,2187,EWR,MSP,3,390,192,0
1129,XE,2281,PNS,IAH,3,390,100,0
1130,XE,2327,ICT,IAH,3,390,107,0
1131,XE,2392,HSV,IAH,3,390,119,0
1132,XE,2458,EWR,BNA,3,390,154,0
1133,XE,2684,MEM,IAH,3,390,104,0
1134,XE,2719,GRK,IAH,3,390,60,1
1135,XE,2959,MOB,IAH,3,390,94,0
1136,XE,3017,VPS,IAH,3,390,114,0
1137,XE,3030,CRP,IAH,3,390,59,1
1138,YV,2601,CLE,CLT,3,390,102,0
1139,YV,2816,FAT,PHX,3,390,96,0
1140,B6,1250,IAD,BOS,3,391,89,0
1141,UA,187,IAD,SFO,3,391,368,1
1142,UA,530,ORD,MSP,3,391,94,0
1143,UA,61,IAH,SFO,3,391,261,0
1144,UA,636,ORD,PIT,3,391,88,0
1145,OH,6457,ORF,CVG,3,392,121,0
1146,XE,5985,BNA,ORD,3,392,107,0
1147,OO,6301,RNO,LAX,3,393,86,0
1148,OO,6500,SJC,LAX,3,393,77,0
1149,OO,7767,GCC,RKS,3,393,77,0
1150,UA,268,OMA,DEN,3,393,107,1
1151,HA,104,LIH,HNL,3,394,30,0
1152,HA,114,HNL,OGG,3,394,36,0
1153,OO,6271,ORD,FWA,3,394,51,0
1154,9E,3808,BMI,DTW,3,395,87,0
1155,AA,1399,DEN,ORD,3,395,155,0
1156,AA,1810,AUS,DFW,3,395,65,0
1157,AA,1887,DFW,LAS,3,395,175,0
1158,AA,876,ORD,BOS,3,395,135,0
1159,CO,1179,EWR,ORD,3,395,149,1
1160,CO,1563,RSW,IAH,3,395,150,1
1161,DL,1413,CLT,MEM,3,395,119,0
1162,DL,1490,MSP,DTW,3,395,112,0
1163,DL,1542,SEA,JFK,3,395,320,0
1164,DL,2244,SAN,MSP,3,395,229,0
1165,DL,2673,LGA,MEM,3,395,185,0
1166,DL,2946,IAH,MSP,3,395,169,1
1167,EV,4988,ABE,ATL,3,395,145,0
1168,F9,304,GEG,DEN,3,395,130,0
1169,F9,855,DEN,PHX,3,395,110,0
1171,MQ,2878,GJT,DFW,3,395,135,0
1172,MQ,2940,ABI,DFW,3,395,50,0
1173,MQ,4488,CRW,LGA,3,395,100,0
1174,OH,6643,BOS,DCA,3,395,110,0
1175,OO,4458,BZN,SLC,3,395,75,0
1176,OO,4869,MEM,SLC,3,395,206,0
1177,US,1583,PHL,CLT,3,395,102,1
1178,WN,1013,PDX,PHX,3,395,155,0
1179,WN,1147,LAX,SJC,3,395,65,0
1180,WN,12,MCO,HOU,3,395,160,0
1181,WN,134,SAN,DEN,3,395,140,0
1182,WN,137,SAT,HOU,3,395,50,1
1183,WN,178,BWI,BOS,3,395,80,0
1184,WN,1839,IAD,MDW,3,395,120,0
1185,WN,185,IND,BWI,3,395,100,1
1186,WN,1949,FLL,TPA,3,395,60,0
1187,WN,200,BWI,DEN,3,395,255,0
1188,WN,2903,SJC,SAN,3,395,80,1
1189,WN,326,LAX,LAS,3,395,60,1
1190,WN,3307,BDL,MDW,3,395,160,1
1191,WN,3854,PHX,PDX,3,395,175,0
1192,WN,495,LAS,SFO,3,395,95,0
1193,WN,5,TUL,DAL,3,395,60,0
1194,WN,690,DEN,BWI,3,395,205,0
1195,WN,715,MDW,BOS,3,395,135,0
1196,WN,752,HOU,DEN,3,395,155,1
1197,WN,7,MCI,DAL,3,395,95,1
1198,WN,806,OAK,PDX,3,395,105,1
1199,WN,870,ABQ,DAL,3,395,100,0
1200,XE,2091,CVG,IAH,3,395,164,0
1201,DL,2624,MSN,MSP,3,396,70,0
1202,UA,507,ORD,DFW,3,396,158,0
1203,EV,7130,SAV,ORD,3,397,150,0
1204,UA,37,MCO,SFO,3,397,369,0
1205,OO,6293,FSD,DEN,3,398,102,1
1206,UA,891,JFK,LAX,3,398,380,0
1207,XE,2367,DAY,IAH,3,398,171,0
1208,UA,394,LAS,ORD,3,399,216,0
1209,UA,875,ICT,DEN,3,399,101,1
1210,9E,3995,GRB,MSP,3,400,75,1
1211,9E,4360,LNK,MSP,3,400,82,0
1212,AA,1019,CLT,DFW,3,400,185,0
1213,AA,1467,MSY,DFW,3,400,100,0
1214,AA,1477,PHL,DFW,3,400,235,0
1215,AA,1789,ICT,DFW,3,400,85,0
1216,AA,495,MIA,DFW,3,400,195,1
1217,AA,536,DFW,ATL,3,400,125,0
1218,AS,560,PDX,LAX,3,400,137,0
1219,AS,573,SAN,PDX,3,400,159,0
1220,AS,634,PDX,PHX,3,400,158,1
1221,B6,423,BOS,PBI,3,400,195,0
1222,CO,132,SAN,IAH,3,400,190,1
1223,CO,762,MSY,IAH,3,400,70,0
1224,DL,1040,COS,ATL,3,400,169,1
1225,DL,1071,MKE,MSP,3,400,83,1
1226,DL,1100,LAS,SLC,3,400,82,0
1227,DL,1308,AUS,ATL,3,400,142,0
1228,DL,1486,ATL,LGA,3,400,127,1
1229,DL,1829,GRR,DTW,3,400,70,0
1230,DL,2029,SMF,MSP,3,400,217,0
1231,DL,2381,SAT,ATL,3,400,138,0
1232,DL,2514,STL,DTW,3,400,100,0
1233,DL,2526,FLL,ATL,3,400,123,0
1234,DL,2589,DAB,ATL,3,400,92,0
1235,DL,2998,PDX,JFK,3,400,319,0
1236,EV,5207,CHA,ATL,3,400,52,1
1237,EV,5522,ICT,ATL,3,400,129,0
1238,F9,110,DEN,MSP,3,400,117,0
1239,F9,366,DEN,MKE,3,400,133,1
1246,MQ,3025,LAX,SAN,3,400,45,0
1247,MQ,3193,LAX,SJC,3,400,75,0
1248,MQ,3315,DFW,JAN,3,400,80,0
1249,MQ,3542,CLE,DFW,3,400,185,0
1250,MQ,3704,ELP,ORD,3,400,175,0
1251,MQ,4243,RDU,ORD,3,400,140,0
1252,MQ,4355,OKC,ORD,3,400,135,0
1253,OO,4743,CLE,MSP,3,400,135,0
1254,OO,4871,BIS,SLC,3,400,121,0
1255,OO,6540,BIS,DEN,3,400,107,0
1256,UA,471,TUL,DEN,3,400,110,0
1257,UA,954,LAX,SFO,3,400,85,0
1258,US,202,LAS,PHX,3,400,74,1
1259,US,365,BWI,PHX,3,400,320,1
1260,US,864,JAX,PHL,3,400,126,0
1261,WN,1075,SAT,ELP,3,400,90,0
1262,WN,1091,DAL,ELP,3,400,110,1
1263,WN,1122,DTW,DEN,3,400,200,1
1264,WN,1148,HOU,MDW,3,400,150,1
1265,WN,1170,OAK,PHX,3,400,115,0
1266,WN,1252,STL,BWI,3,400,120,0
1267,WN,1482,BUF,MCO,3,400,170,1
1268,WN,1615,MSP,DEN,3,400,140,0
1269,WN,1659,CMH,BWI,3,400,70,1
1270,WN,1753,ISP,BWI,3,400,75,0
1271,WN,2116,PIT,BWI,3,400,75,1
1272,WN,2276,LAS,SLC,3,400,80,0
1273,WN,3494,LAS,LAX,3,400,65,0
1274,WN,452,MAF,DAL,3,400,70,0
1275,WN,960,SAN,BWI,3,400,295,1
1276,WN,973,SJC,DEN,3,400,145,1
1277,XE,2086,LIT,EWR,3,400,165,1
1278,XE,3133,EWR,CLT,3,400,130,0
1279,XE,2190,MHT,EWR,3,401,79,0
1280,XE,3132,CLT,EWR,3,401,108,0
1281,B6,1278,RIC,BOS,3,402,93,0
1282,OO,6384,BOI,ORD,3,402,198,1
1283,OO,6428,LAS,LAX,3,402,70,0
1284,XE,5975,ORD,DSM,3,402,72,1
1285,UA,163,BOS,LAX,3,404,396,1
1286,9E,3690,LAN,MSP,3,405,112,0
1287,9E,4127,BDL,RDU,3,405,123,0
1288,AA,1114,MIA,LGA,3,405,170,1
1289,AA,1648,SNA,DFW,3,405,185,0
1290,AA,1776,DFW,PHL,3,405,185,1
1291,AA,1794,FAT,DFW,3,405,195,0
1292,AA,1823,ORD,PBI,3,405,175,1
1293,AA,386,STL,ORD,3,405,80,0
1294,AA,393,DFW,DEN,3,405,125,0
1295,AA,407,ORD,STL,3,405,65,0
1296,AA,452,MIA,BOS,3,405,180,0
1297,AS,322,SEA,SJC,3,405,128,0
1298,AS,323,SJC,SEA,3,405,129,0
1299,AS,366,SEA,SMF,3,405,106,0
1300,AS,47,ANC,ADQ,3,405,65,0
1301,AS,581,SNA,PDX,3,405,157,0
1302,CO,1131,EWR,DFW,3,405,250,0
1303,CO,1178,ORD,EWR,3,405,123,1
1304,CO,1535,EWR,PHX,3,405,340,1
1305,CO,1598,SNA,IAH,3,405,204,1
1306,CO,162,ONT,IAH,3,405,187,1
1307,CO,194,LAX,IAH,3,405,194,1
1308,CO,196,LAS,IAH,3,405,177,0
1309,CO,292,EWR,MCO,3,405,174,1
1310,CO,333,LGA,IAH,3,405,235,0
1311,CO,600,FLL,EWR,3,405,170,0
1312,CO,91,EWR,LAX,3,405,367,1
1313,DL,1183,ORF,ATL,3,405,135,0
1314,DL,1802,SNA,ATL,3,405,264,0
1315,DL,1979,BHM,ATL,3,405,69,0
1316,DL,2224,PBI,ATL,3,405,124,0
1317,DL,2305,MCI,MSP,3,405,90,0
1318,DL,2632,SNA,SLC,3,405,132,0
1319,DL,519,RAP,MSP,3,405,100,1
1320,EV,5581,GRK,ATL,3,405,134,1
1321,EV,7341,OKC,ATL,3,405,130,1
1322,F9,265,SNA,DEN,3,405,145,0
1323,F9,822,MCI,DEN,3,405,110,1
1324,F9,847,IND,DEN,3,405,169,0
1325,MQ,2735,DFW,LIT,3,405,70,0
1326,MQ,2751,SGF,DFW,3,405,95,0
1327,MQ,3026,MRY,LAX,3,405,70,0
1328,MQ,3859,IAH,ORD,3,405,155,0
1329,MQ,4093,MQT,GRB,3,405,50,0
1330,MQ,4203,ORD,CMH,3,405,75,0
1331,MQ,4343,ORD,DTW,3,405,85,0
1332,OH,6329,CRW,ATL,3,405,110,0
1333,OH,6437,RIC,CVG,3,405,117,0
1334,OH,6553,LEX,DCA,3,405,96,0
1335,OO,4465,GJT,SLC,3,405,59,0
1336,OO,4480,GFK,MSP,3,405,80,0
1337,OO,4487,IAH,SLC,3,405,199,0
1338,OO,4668,SLC,DEN,3,405,85,1
1339,OO,6816,SGF,DEN,3,405,131,0
1340,OO,6818,DTW,ORD,3,405,71,0
1341,OO,6925,LAX,SEA,3,405,164,0
1342,UA,8,SNA,SFO,3,405,101,1
1343,US,1848,MSP,PHL,3,405,160,0
1344,US,610,SNA,PHX,3,405,89,0
1345,WN,1175,SNA,OAK,3,405,105,0
1346,WN,1268,BOS,BWI,3,405,110,0
1347,WN,1310,BWI,PVD,3,405,70,1
1348,WN,153,LAS,DEN,3,405,115,0
1349,WN,162,IND,LAS,3,405,250,1
1350,WN,1766,PHX,SLC,3,405,100,0
1351,WN,2038,ELP,DAL,3,405,95,0
1352,WN,208,SNA,PHX,3,405,95,1
1353,WN,2356,DAL,ABQ,3,405,110,1
1354,WN,3403,HOU,ABQ,3,405,135,1
1355,WN,346,SLC,PHX,3,405,105,0
1356,WN,356,DEN,HOU,3,405,145,0
1357,WN,410,MDW,PHX,3,405,245,1
1358,WN,533,HOU,LAS,3,405,205,1
1359,WN,650,ABQ,MDW,3,405,165,0
1360,WN,798,LAS,SMF,3,405,90,0
1361,XE,2621,EWR,SDF,3,405,145,0
1362,XE,5899,CLE,ORD,3,405,87,0
1363,YV,2648,PHX,LAS,3,405,68,0
1364,YV,2703,SDF,CLT,3,405,86,0
1365,YV,2727,PSP,PHX,3,405,66,0
1366,YV,2821,LGB,PHX,3,405,87,0
1367,YV,2833,TUS,PHX,3,405,47,0
1368,US,511,SNA,PHX,3,406,88,0
1370,OO,6331,COS,SFO,3,408,184,0
1371,OO,6764,LNK,DEN,3,408,97,0
1372,OO,6843,CWA,ORD,3,408,68,0
1373,OO,6908,ABQ,SFO,3,408,167,0
1374,9E,3656,LSE,MSP,3,410,60,0
1375,9E,4020,GSP,CVG,3,410,92,1
1376,9E,4327,FNT,MSP,3,410,105,1
1377,9E,4389,DLH,MSP,3,410,60,0
1378,AA,1154,PSP,DFW,3,410,170,1
1379,AA,1184,PHX,ORD,3,410,200,0
1380,AA,1397,ORD,RSW,3,410,165,1
1381,AA,1888,DFW,JAX,3,410,125,1
1382,AA,2412,LAX,DFW,3,410,185,1
1383,AA,374,TUS,ORD,3,410,205,0
1384,AA,538,BUR,DFW,3,410,185,0
1385,AA,543,PBI,ORD,3,410,195,0
1386,AA,634,RSW,ORD,3,410,190,0
1387,CO,1019,TPA,EWR,3,410,155,1
1388,CO,1701,EWR,FLL,3,410,178,1
1389,CO,378,SAT,IAH,3,410,61,0
1390,CO,580,LAS,CLE,3,410,230,0
1391,DL,1865,DAY,ATL,3,410,110,0
1392,DL,1922,MKE,DTW,3,410,75,1
1393,DL,2166,MKE,ATL,3,410,134,1
1394,DL,2490,PDX,MSP,3,410,196,0
1395,DL,2921,IND,MSP,3,410,115,0
1396,EV,5070,DCA,STL,3,410,142,1
1397,EV,5431,MSN,ATL,3,410,137,0
1399,MQ,3268,ACT,DFW,3,410,45,0
1400,MQ,3931,OMA,ORD,3,410,100,0
1401,MQ,4031,MHK,ORD,3,410,115,0
1402,MQ,4240,SPI,ORD,3,410,65,0
1403,MQ,4250,AVP,ORD,3,410,135,0
1404,OO,4474,MOT,MSP,3,410,82,0
1405,OO,4687,IDA,SLC,3,410,56,1
1406,OO,4716,LGB,SLC,3,410,110,0
1407,OO,4800,SLC,LAX,3,410,115,1
1408,OO,7780,SUN,SLC,3,410,64,0
1409,US,62,DEN,CLT,3,410,189,0
1410,US,632,BUR,PHX,3,410,87,0
1411,WN,1021,MDW,BNA,3,410,85,0
1412,WN,1087,CMH,BNA,3,410,80,1
1413,WN,1132,AUS,PHX,3,410,160,0
1414,WN,1140,TPA,HOU,3,410,145,1
1415,WN,1163,SFO,SNA,3,410,85,0
1416,WN,1218,ABQ,LAS,3,410,100,0
1417,WN,1246,PHX,STL,3,410,175,1
1418,WN,1253,JAX,TPA,3,410,55,0
1419,WN,1279,PHX,BWI,3,410,255,1
1420,WN,1316,HOU,MSY,3,410,65,0
1421,WN,1422,SAN,SFO,3,410,100,0
1422,WN,1546,DEN,SAN,3,410,150,0
1423,WN,2349,ALB,MDW,3,410,145,1
1424,WN,2449,JAN,HOU,3,410,85,1
1425,WN,2654,RDU,BWI,3,410,60,0
1426,WN,2810,LAS,BUR,3,410,65,0
1427,WN,3763,OAK,SLC,3,410,105,0
1428,WN,468,GEG,BOI,3,410,65,0
1429,WN,524,DAL,MCI,3,410,85,0
1430,WN,661,PHX,DEN,3,410,110,1
1431,WN,891,MHT,MCO,3,410,200,1
1432,XE,2309,ATL,IAH,3,410,129,1
1433,XE,3051,JAX,IAH,3,410,146,0
1434,XE,3130,DCA,EWR,3,410,63,1
1435,YV,7258,SYR,ORD,3,410,140,0
1436,DL,2053,OMA,ATL,3,412,153,1
1437,OO,6670,SBP,SFO,3,413,65,0
1438,UA,341,RIC,ORD,3,413,134,0
1439,OO,7003,SEA,LAX,3,414,156,0
1440,AA,1241,PIT,DFW,3,415,205,0
1441,AA,1258,LAX,STL,3,415,215,0
1442,AA,1273,MEM,DFW,3,415,100,0
1443,AA,1461,MCO,DFW,3,415,185,1
1444,AA,1533,ATL,DFW,3,415,150,0
1445,AA,501,BHM,DFW,3,415,130,0
1446,AA,505,JFK,SJU,3,415,245,1
1447,AS,236,PDX,SAN,3,415,145,0
1448,B6,117,JFK,MSY,3,415,204,1
1449,B6,133,JFK,RSW,3,415,192,0
1450,CO,40,LAX,EWR,3,415,317,1
1451,DL,1702,LAS,ATL,3,415,225,0
1452,DL,1879,LGA,FLL,3,415,193,0
1453,DL,1900,MCI,ATL,3,415,134,0
1454,DL,1965,LIT,MEM,3,415,60,0
1455,DL,2069,RIC,ATL,3,415,125,0
1456,DL,2449,BNA,SLC,3,415,259,1
1457,DL,2648,TLH,ATL,3,415,72,1
1458,DL,2685,LGA,MCO,3,415,170,0
1459,EV,5221,FLL,TLH,3,415,84,0
1460,EV,5228,AVL,ATL,3,415,69,0
1461,EV,5414,DCA,BOS,3,415,93,0
1462,EV,7099,ORD,CVG,3,415,68,0
1463,MQ,2786,GPT,DFW,3,415,110,1
1464,OH,6590,IAD,CVG,3,415,110,1
1465,OO,6427,ORD,BHM,3,415,103,1
1466,OO,6529,ELP,ORD,3,415,177,0
1467,UA,237,PIT,SFO,3,415,353,1
1468,UA,323,PHL,DEN,3,415,271,0
1469,UA,434,ORD,CMH,3,415,75,1
1470,UA,835,BOS,ORD,3,415,173,0
1471,US,195,PHL,PHX,3,415,317,0
1472,WN,1587,LBB,DAL,3,415,65,0
1473,WN,1590,ONT,LAS,3,415,60,0
1474,WN,1944,SAN,OAK,3,415,95,0
1475,WN,1980,TPA,JAX,3,415,50,1
1476,WN,3238,CLE,MDW,3,415,85,1
1477,WN,3773,SLC,LAS,3,415,85,1
1478,WN,407,FLL,JAX,3,415,70,0
1479,WN,653,OAK,LAX,3,415,75,1
1480,WN,694,SMF,SAN,3,415,85,0
1481,WN,729,PHX,LAS,3,415,65,0
1482,WN,805,MSY,DAL,3,415,85,0
1483,WN,951,BWI,MDW,3,415,130,0
1484,OO,6566,SLC,SFO,3,416,143,0
1485,UA,528,MSP,ORD,3,416,84,0
1486,OO,6935,SMF,ACV,3,417,64,0
1487,UA,602,ORD,DCA,3,418,111,0
1488,DL,2555,LGA,PBI,3,419,186,1
1489,DL,2683,DCA,MIA,3,419,159,0
1490,DL,2839,DCA,ATL,3,419,135,0
1492,UA,998,MCO,ORD,3,419,178,0
1493,US,1631,DCA,CLT,3,419,95,0
1494,YV,2681,CVG,CLT,3,419,86,0
1495,9E,3697,LAN,DTW,3,420,60,0
1496,9E,3716,SBN,MSP,3,420,99,1
1497,9E,3721,MBS,DTW,3,420,59,0
1498,9E,3891,MDW,DTW,3,420,84,1
1499,9E,3982,EVV,DTW,3,420,95,0
1500,9E,4098,RDU,JFK,3,420,135,0
1501,9E,4301,IND,RDU,3,420,105,0
1502,9E,4314,DTW,ORF,3,420,114,0
1503,9E,4328,MSP,IND,3,420,103,0
1504,9E,4356,GTR,MEM,3,420,55,0
1505,AA,1088,BNA,LGA,3,420,125,1
1506,AA,1164,DFW,MSY,3,420,80,0
1507,AA,1310,DFW,IAD,3,420,160,0
1508,AA,1352,AUS,DFW,3,420,65,0
1509,AA,1363,RDU,MIA,3,420,130,0
1510,AA,1364,LAX,ORD,3,420,250,0
1511,AA,1590,DFW,EWR,3,420,195,0
1512,AA,1629,RIC,DFW,3,420,215,0
1513,AA,1841,SDF,DFW,3,420,150,0
1514,AA,2303,ORD,DFW,3,420,155,1
1515,AA,385,BWI,DFW,3,420,215,0
1516,AA,457,MCO,MIA,3,420,65,0
1517,AA,555,CMH,DFW,3,420,180,0
1518,AA,59,JFK,SFO,3,420,405,0
1519,AA,707,LGA,DFW,3,420,250,0
1520,AA,716,ORD,MCO,3,420,155,0
1521,AA,732,RNO,DFW,3,420,200,0
1522,AA,937,BOS,MIA,3,420,215,0
1523,AS,181,ANC,FAI,3,420,60,0
1524,AS,244,SEA,LAX,3,420,155,0
1525,AS,307,PSP,SFO,3,420,86,0
1526,AS,30,PDX,BOS,3,420,320,1
1527,AS,315,SFO,SEA,3,420,124,0
1528,AS,347,OAK,SEA,3,420,120,0
1529,AS,371,SMF,SEA,3,420,112,0
1530,AS,41,ANC,BET,3,420,77,1
1531,AS,515,SNA,SEA,3,420,173,0
1532,AS,527,BUR,SEA,3,420,160,0
1533,AS,603,LAS,SEA,3,420,160,0
1534,AS,641,PHX,SEA,3,420,188,0
1535,AS,65,SEA,KTN,3,420,131,0
1536,AS,660,SEA,DFW,3,420,230,0
1537,AS,665,DFW,SEA,3,420,267,0
1538,AS,699,GEG,SEA,3,420,67,0
1539,B6,1060,AUS,JFK,3,420,205,1
1540,B6,1203,BUF,RSW,3,420,186,0
1541,B6,1240,CLT,BOS,3,420,123,0
1542,B6,1275,BOS,MCO,3,420,194,1
1543,B6,1281,BOS,RIC,3,420,108,1
1544,B6,1297,BOS,PIT,3,420,109,0
1545,B6,204,SFO,LGB,3,420,82,0
1546,B6,231,SLC,LGB,3,420,117,0
1547,B6,262,LGB,SMF,3,420,83,0
1548,B6,418,PBI,BOS,3,420,172,0
1549,B6,521,EWR,MCO,3,420,170,1
1550,B6,620,HOU,JFK,3,420,199,1
1551,B6,661,SYR,MCO,3,420,178,0
1552,B6,703,JFK,SJU,3,420,227,0
1553,B6,741,MCO,SJU,3,420,157,1
1554,B6,920,ORD,BOS,3,420,131,1
1555,CO,1130,DFW,EWR,3,420,198,0
1556,CO,1559,DCA,IAH,3,420,209,0
1557,CO,1573,AUS,IAH,3,420,57,0
1558,CO,276,EWR,RSW,3,420,191,0
1559,CO,448,EWR,SFO,3,420,396,1
1560,CO,618,EWR,TPA,3,420,179,1
1561,DL,1004,TUL,ATL,3,420,122,1
1562,DL,1012,IAH,ATL,3,420,130,0
1563,DL,1103,JFK,SLC,3,420,342,0
1564,DL,1108,MSP,CLT,3,420,156,0
1565,DL,1163,EWR,DTW,3,420,128,0
1566,DL,1232,SLC,DTW,3,420,221,1
1567,DL,1235,EWR,SLC,3,420,327,1
1568,DL,1273,CMH,ATL,3,420,115,0
1569,DL,1402,TPA,MEM,3,420,122,0
1570,DL,1415,SAT,DTW,3,420,185,0
1571,DL,1477,ORD,ATL,3,420,125,1
1572,DL,1498,FLL,LGA,3,420,174,1
1573,DL,1547,LGA,ATL,3,420,164,0
1574,DL,1550,LAS,MSP,3,420,193,0
1575,DL,1769,ATL,MCO,3,420,82,0
1576,DL,1821,MIA,JFK,3,420,176,0
1577,DL,1996,MSP,LGA,3,420,175,1
1578,DL,2094,MLB,ATL,3,420,113,0
1579,DL,210,LAS,JFK,3,420,295,1
1580,DL,2120,ORD,DTW,3,420,90,1
1581,DL,2145,PVD,ATL,3,420,179,0
1582,DL,2147,MHT,ATL,3,420,184,0
1583,DL,2178,DTW,CLT,3,420,116,0
1584,DL,2236,DFW,MSP,3,420,142,0
1585,DL,2276,MCO,LGA,3,420,150,1
1586,DL,2298,SRQ,ATL,3,420,105,0
1587,DL,2452,MSY,LGA,3,420,175,1
1588,DL,2533,BOS,MCO,3,420,205,0
1589,DL,2599,MSP,PHX,3,420,212,1
1590,DL,2610,DFW,ATL,3,420,130,1
1591,DL,2630,MSP,BOS,3,420,166,0
1592,DL,2646,PHX,ATL,3,420,208,0
1593,DL,2663,JFK,LAX,3,420,394,1
1594,DL,2787,FAR,MSP,3,420,81,1
1595,DL,2923,MSP,MCO,3,420,198,0
1596,DL,2927,MSP,MCI,3,420,95,1
1597,DL,2937,MSN,DTW,3,420,84,0
1598,DL,2944,DTW,EWR,3,420,107,1
1599,DL,2952,TPA,LGA,3,420,159,1
1600,DL,339,LIT,ATL,3,420,95,0
1601,DL,749,JAC,SLC,3,420,57,1
1602,EV,5136,FAY,ATL,3,420,97,1
1603,EV,5267,CAK,ATL,3,420,129,0
1604,EV,5484,ECP,ATL,3,420,80,0
1605,EV,5580,STL,DCA,3,420,123,0
1606,EV,7307,BOS,DTW,3,420,150,0
1607,F9,128,DEN,DFW,3,420,110,0
1608,F9,401,DEN,LAX,3,420,145,0
1609,F9,766,LAS,DEN,3,420,110,0
1620,MQ,2710,XNA,DFW,3,420,75,0
1621,MQ,2818,MGM,DFW,3,420,125,0
1622,MQ,2903,VPS,DFW,3,420,140,0
1623,MQ,3049,SAN,LAX,3,420,50,0
1624,MQ,3244,DFW,BTR,3,420,80,0
1625,MQ,3616,IND,MIA,3,420,170,1
1626,MQ,3624,PNS,MIA,3,420,100,0
1627,MQ,3629,MIA,BNA,3,420,145,0
1628,MQ,3678,MIA,TLH,3,420,85,0
1629,MQ,4093,GRB,ORD,3,420,65,0
1630,MQ,4100,TYS,ORD,3,420,110,0
1631,MQ,4132,ORD,MCI,3,420,90,1
1632,MQ,4280,HSV,ORD,3,420,130,0
1633,MQ,4534,LGA,XNA,3,420,220,0
1634,OH,6315,RDU,MCO,3,420,120,0
1635,OH,6327,CLT,CVG,3,420,101,1
1636,OH,6331,RDU,LGA,3,420,101,0
1637,OH,6382,AZO,DTW,3,420,60,0
1638,OH,6384,IAH,CVG,3,420,135,0
1639,OH,6396,STL,RDU,3,420,121,0
1640,OH,6578,CLE,DTW,3,420,59,0
1641,OH,6581,RDU,BOS,3,420,130,0
1642,OH,6628,DFW,CVG,3,420,131,0
1643,OH,6680,ATW,DTW,3,420,79,0
1644,OH,6718,MDT,CVG,3,420,105,0
1645,OO,4594,CID,MSP,3,420,63,0
1646,OO,4626,SFO,LAX,3,420,75,0
1647,OO,6329,SFO,ACV,3,420,86,0
1648,OO,6703,ATL,ORD,3,420,117,0
1649,OO,6738,ASE,DEN,3,420,55,0
1650,UA,144,SFO,DEN,3,420,165,0
1651,UA,373,LGA,ORD,3,420,157,0
1652,UA,415,MSY,DEN,3,420,186,0
1653,UA,440,SNA,DEN,3,420,155,1
1654,UA,536,ORD,LGA,3,420,132,1
1655,UA,603,DCA,ORD,3,420,127,0
1656,UA,819,EWR,ORD,3,420,162,0
1657,UA,934,HNL,LAX,3,420,343,0
1658,US,1059,SAT,CLT,3,420,160,0
1659,US,1123,MSP,CLT,3,420,158,0
1660,US,1274,MHT,PHL,3,420,93,0
1661,US,127,MKE,PHX,3,420,249,0
1662,US,1428,MCO,CLT,3,420,98,0
1663,US,1455,TPA,CLT,3,420,100,1
1664,US,1507,BWI,CLT,3,420,97,0
1665,US,1567,IAD,CLT,3,420,87,0
1666,US,1935,BUF,PHL,3,420,81,1
1667,US,2023,BOS,DCA,3,420,100,0
1668,US,2116,LGA,BOS,3,420,65,0
1669,US,2117,BOS,LGA,3,420,82,0
1670,US,2160,DCA,LGA,3,420,81,0
1671,US,2163,LGA,DCA,3,420,71,1
1672,US,231,BOI,PHX,3,420,126,0
1673,US,245,FLL,PHX,3,420,315,1
1674,US,433,LAS,PHL,3,420,280,0
1675,US,807,DCA,PHX,3,420,320,1
1676,US,943,ORF,CLT,3,420,85,0
1677,US,963,IND,CLT,3,420,102,1
1678,US,972,JAX,CLT,3,420,83,0
1679,US,986,FLL,DCA,3,420,145,0
1680,US,995,RIC,CLT,3,420,76,1
1681,WN,1006,BOI,DEN,3,420,110,1
1682,WN,1083,MDW,MSP,3,420,90,1
1683,WN,1231,ISP,TPA,3,420,185,0
1684,WN,1237,MDW,CLE,3,420,75,0
1685,WN,128,MDW,LAX,3,420,270,1
1686,WN,1414,HRL,SAT,3,420,55,0
1687,WN,1468,STL,BNA,3,420,65,0
1688,WN,1,DAL,HOU,3,420,60,1
1689,WN,2121,SMF,SEA,3,420,115,0
1690,WN,2297,TPA,BNA,3,420,115,1
1691,WN,2716,MDW,IAD,3,420,105,0
1692,WN,2725,PIT,TPA,3,420,155,0
1693,WN,2959,BDL,MCO,3,420,185,0
1694,WN,311,OKC,PHX,3,420,155,1
1695,WN,3338,SJC,SEA,3,420,130,1
1696,WN,3412,MDW,MCO,3,420,160,0
1697,WN,3496,LIT,PHX,3,420,195,1
1698,WN,441,SDF,PHX,3,420,255,1
1699,WN,458,OAK,ONT,3,420,70,0
1700,WN,465,SAN,MCI,3,420,190,1
1701,WN,474,AUS,BWI,3,420,180,0
1702,WN,4,HOU,DAL,3,420,60,0
1703,WN,500,OAK,SAN,3,420,85,0
1704,WN,542,MDW,PIT,3,420,80,0
1705,WN,598,MCI,DEN,3,420,120,1
1706,WN,605,DEN,SLC,3,420,95,0
1707,WN,794,TPA,BWI,3,420,130,1
1708,WN,825,BWI,MHT,3,420,75,0
1709,WN,827,MHT,PHL,3,420,95,0
1710,WN,845,PHL,MCO,3,420,165,0
1711,WN,892,BHM,BWI,3,420,110,0
1712,WN,894,DAL,MSY,3,420,80,1
1713,WN,917,LAX,RNO,3,420,80,0
1714,WN,979,MSY,HOU,3,420,75,0
1715,XE,2102,LCH,IAH,3,420,44,0
1716,XE,2137,LFT,IAH,3,420,64,0
1717,XE,2220,SHV,IAH,3,420,62,0
1718,XE,2360,EWR,DTW,3,420,119,0
1719,XE,2448,LIT,IAH,3,420,85,1
1720,XE,2526,EWR,GRR,3,420,134,0
1721,YV,2602,SAV,CLT,3,420,72,0
1722,YV,2978,SFO,LAS,3,420,85,0
1723,YV,7267,PWM,ORD,3,420,177,0
1725,OH,6373,JAN,DCA,3,421,134,0
1726,OO,6382,SFO,BOI,3,421,92,1
1727,UA,149,ORD,SFO,3,422,286,1
1728,DL,1429,JFK,LAS,3,423,357,0
1729,DL,2575,GSO,ATL,3,423,92,0
1730,HA,217,KOA,HNL,3,423,42,0
1731,UA,264,PHX,DEN,3,424,111,0
1732,UA,944,LAX,ORD,3,424,241,0
1733,9E,3854,MSP,CLE,3,425,115,0
1734,AA,1026,DFW,MCI,3,425,95,0
1735,AA,1041,BOS,ORD,3,425,190,0
1736,AA,1495,JAX,DFW,3,425,175,0
1737,AA,1912,PHX,DFW,3,425,140,0
1738,AA,1922,ABQ,DFW,3,425,105,0
1739,AA,24,SFO,JFK,3,425,325,1
1740,AA,518,MIA,JFK,3,425,165,0
1741,AA,621,MSP,DFW,3,425,165,0
1742,AA,728,LAS,DFW,3,425,160,0
1743,AA,879,TUL,DFW,3,425,70,0
1744,AA,941,LGA,MIA,3,425,195,0
1745,AS,36,SEA,MSP,3,425,199,0
1746,AS,582,PDX,SNA,3,425,144,0
1747,B6,1212,BUF,BOS,3,425,86,0
1748,B6,26,FLL,JFK,3,425,160,1
1749,CO,239,MIA,EWR,3,425,170,1
1750,DL,1124,LAX,SFO,3,425,82,0
1751,DL,1575,IND,ATL,3,425,115,0
1752,DL,1841,DTW,TPA,3,425,167,0
1753,DL,1851,MSP,LAS,3,425,213,0
1754,DL,2434,TPA,DCA,3,425,124,0
1755,DL,2665,DCA,MCO,3,425,151,0
1756,DL,2922,PHX,DTW,3,425,230,0
1757,EV,5302,SHV,ATL,3,425,113,1
1758,HA,332,HNL,ITO,3,425,50,0
1759,MQ,2980,CSG,DFW,3,425,150,1
1760,MQ,3638,MIA,CMH,3,425,160,0
1761,MQ,3640,CMH,MIA,3,425,170,0
1762,MQ,3893,ORD,PHL,3,425,120,0
1763,MQ,4042,SGF,ORD,3,425,105,0
1764,MQ,4066,ORD,DSM,3,425,80,0
1765,MQ,4186,LSE,ORD,3,425,70,1
1766,MQ,4312,FWA,ORD,3,425,60,1
1767,OH,6516,MSP,JFK,3,425,165,0
1768,OO,4471,MSP,IAH,3,425,171,1
1769,OO,6504,ORD,SBN,3,425,41,1
1770,UA,101,ORD,LAX,3,425,276,0
1771,UA,594,CMH,ORD,3,425,84,0
1772,UA,6,SFO,JFK,3,425,335,0
1773,US,1157,DTW,PHL,3,425,99,0
1774,US,1807,PIT,PHL,3,425,81,0
1775,US,1831,DFW,CLT,3,425,145,1
1776,US,1942,ILM,CLT,3,425,64,0
1777,US,484,DEN,PHL,3,425,210,1
1778,WN,1076,HOU,LAX,3,425,225,1
1779,WN,1149,SMF,BUR,3,425,70,0
1780,WN,1286,MCI,LAS,3,425,195,1
1781,WN,1330,PDX,SMF,3,425,85,0
1782,WN,1424,SFO,SAN,3,425,85,0
1783,WN,1500,BOS,PHL,3,425,100,1
1784,WN,1812,MCI,MDW,3,425,90,1
1785,WN,1852,PHL,BOS,3,425,85,0
1786,WN,1992,DAL,SAT,3,425,65,1
1787,WN,2198,OKC,STL,3,425,80,0
1788,WN,2397,MCO,MDW,3,425,175,0
1789,WN,3309,BUR,SMF,3,425,75,0
1790,WN,3418,PHL,PIT,3,425,75,0
1791,WN,3504,PBI,TPA,3,425,50,0
1792,WN,388,ELP,PHX,3,425,80,1
1793,WN,417,BWI,STL,3,425,145,0
1794,WN,599,PHX,SMF,3,425,130,0
1795,WN,759,SJC,ONT,3,425,70,0
1796,WN,922,SMF,SNA,3,425,90,1
1797,WN,943,STL,MCI,3,425,70,0
1798,YV,2607,MDT,CLT,3,425,102,0
1799,YV,2944,AUS,CLT,3,425,157,1
1800,OO,6879,SFO,SBA,3,426,81,0
1801,XE,5906,ORD,ROA,3,426,95,0
1802,F9,472,MKE,RSW,3,427,181,1
1803,UA,386,SEA,DEN,3,427,168,1
1804,UA,527,ORD,BWI,3,427,113,0
1805,OO,6394,FCA,DEN,3,428,130,0
1806,OO,6656,JAC,DEN,3,429,87,1
1807,YV,7268,CHS,ORD,3,429,143,0
1808,9E,3936,GRB,DTW,3,430,80,1
1809,9E,4185,PIT,MEM,3,430,143,0
1810,AA,1061,JFK,MIA,3,430,210,0
1811,AA,1109,DFW,AUS,3,430,60,0
1812,AA,1599,DAY,DFW,3,430,175,0
1813,AA,1907,DCA,MIA,3,430,165,0
1814,AA,1985,PHL,SJU,3,430,230,0
1815,AA,202,LAX,MIA,3,430,285,0
1816,AA,2385,DFW,IAH,3,430,75,0
1817,AA,323,BNA,DFW,3,430,135,0
1818,AA,430,DFW,STL,3,430,90,0
1819,AA,581,DCA,STL,3,430,140,0
1820,AS,530,SEA,ONT,3,430,147,0
1821,B6,290,LGB,SEA,3,430,163,0
1822,B6,350,BUR,JFK,3,430,314,1
1823,CO,1014,DFW,IAH,3,430,66,0
1824,DL,1060,MCO,LAX,3,430,340,0
1825,DL,1134,MSP,GRR,3,430,85,0
1826,DL,1205,MSP,SLC,3,430,185,1
1827,DL,1962,DTW,PHL,3,430,110,0
1828,DL,2071,SEA,SLC,3,430,131,0
1829,DL,2366,JAX,LGA,3,430,143,1
1830,DL,2651,PHL,SLC,3,430,318,0
1831,DL,301,CLT,ATL,3,430,91,1
1832,DL,303,MCO,SLC,3,430,304,0
1833,EV,5383,SWF,ATL,3,430,160,1
1834,EV,5403,GRR,MEM,3,430,122,0
1835,EV,7354,AEX,ATL,3,430,114,0
1840,MQ,2970,AEX,DFW,3,430,80,0
1841,MQ,3298,DFW,HOU,3,430,65,0
1842,MQ,3396,MAF,DFW,3,430,75,0
1843,MQ,3604,CVG,MIA,3,430,170,0
1844,MQ,3658,GSO,MIA,3,430,135,0
1845,MQ,3825,SLC,ORD,3,430,200,0
1846,MQ,3876,XNA,ORD,3,430,105,0
1847,MQ,3928,SYR,ORD,3,430,145,0
1848,MQ,3955,ORD,CID,3,430,60,0
1849,MQ,4331,ORD,BNA,3,430,90,0
1850,MQ,4372,BDL,ORD,3,430,170,0
1851,MQ,4512,XNA,LGA,3,430,175,0
1852,OH,6258,LGA,RDU,3,430,115,0
1853,OH,6451,CVG,MSP,3,430,133,1
1854,OH,6625,RDU,IND,3,430,119,0
1855,OH,6752,GEG,MSP,3,430,180,0
1856,OO,4672,BUR,SLC,3,430,114,0
1857,OO,6276,BUR,SFO,3,430,80,0
1858,UA,5,JFK,SFO,3,430,404,0
1859,UA,739,MCO,DEN,3,430,256,0
1860,US,1212,PBI,DCA,3,430,136,0
1861,US,1288,RDU,PHL,3,430,82,0
1862,US,1696,IAH,CLT,3,430,144,0
1863,US,308,ATL,CLT,3,430,75,0
1864,US,4,ORD,PHX,3,430,244,1
1865,US,679,STL,PHX,3,430,227,1
1866,US,957,PIT,CLT,3,430,96,0
1867,WN,1015,SAT,BWI,3,430,190,0
1868,WN,1259,BWI,BNA,3,430,120,0
1869,WN,1334,RDU,MDW,3,430,125,0
1870,WN,156,MSP,MDW,3,430,100,0
1871,WN,1831,BWI,LAS,3,430,330,1
1872,WN,198,ABQ,HOU,3,430,120,0
1873,WN,2553,SAN,RNO,3,430,90,0
1874,WN,274,ISP,MCO,3,430,170,1
1875,WN,2984,PHX,LAX,3,430,85,0
1876,WN,3506,PHX,OAK,3,430,125,0
1877,WN,3667,JAX,ORF,3,430,90,0
1878,WN,595,BUR,SJC,3,430,65,0
1879,WN,618,PVD,BWI,3,430,90,0
1880,XE,2009,BTR,IAH,3,430,70,0
1881,XE,2398,TUL,EWR,3,430,170,0
1882,XE,2525,IAH,GPT,3,430,73,0
1883,B6,1290,PIT,BOS,3,431,94,0
1884,DL,2379,SDF,ATL,3,431,89,0
1885,OO,6640,BFL,SFO,3,431,79,0
1886,UA,147,SAN,SFO,3,431,101,0
1887,OO,6873,PSP,DEN,3,432,131,0
1888,HA,201,ITO,HNL,3,433,49,0
1889,OO,6546,PDX,MFR,3,433,61,0
1890,OO,7770,SLC,SGU,3,433,81,0
1891,UA,445,BWI,DEN,3,433,253,0
1892,DL,1179,STL,ATL,3,434,99,1
1894,OO,6530,COD,DEN,3,434,82,1
1895,YV,2608,CHS,CLT,3,434,66,0
1896,YV,7291,IAD,LGA,3,434,75,1
1897,9E,3720,TYS,DTW,3,435,108,0
1898,9E,3805,CLE,MEM,3,435,144,1
1899,9E,3894,TUL,MSP,3,435,125,1
1900,9E,4045,HPN,ATL,3,435,158,1
1901,AA,1123,DFW,PHX,3,435,165,0
1902,AA,118,LAX,JFK,3,435,325,1
1903,AA,1322,DFW,DTW,3,435,160,0
1904,AA,1341,ORD,SFO,3,435,285,0
1905,AA,25,BOS,LAX,3,435,390,0
1906,AA,268,SEA,JFK,3,435,315,1
1907,AA,303,LGA,ORD,3,435,165,0
1908,AA,394,ORD,LGA,3,435,120,0
1909,AA,444,SAT,ORD,3,435,165,0
1910,AA,513,TPA,SJU,3,435,165,1
1911,AA,704,DFW,LGA,3,435,194,1
1912,AA,812,SEA,DFW,3,435,235,0
1913,B6,127,ROC,JFK,3,435,78,0
1914,B6,191,JFK,LAS,3,435,349,0
1915,B6,495,BOS,DEN,3,435,280,0
1916,B6,572,PBI,HPN,3,435,158,0
1917,CO,1157,EWR,ORD,3,435,163,0
1918,DL,1093,ATL,IAD,3,435,100,0
1919,DL,1165,RDU,ATL,3,435,97,0
1920,DL,1480,SFO,ATL,3,435,269,0
1921,DL,1501,BOS,ATL,3,435,190,0
1922,DL,1657,CVG,ATL,3,435,105,0
1923,DL,1672,TPA,ATL,3,435,102,0
1924,DL,1709,MSP,DEN,3,435,135,0
1925,DL,1725,BWI,ATL,3,435,131,1
1926,DL,2043,EWR,ATL,3,435,161,0
1927,DL,2065,BDL,ATL,3,435,175,0
1928,DL,2188,MSP,PHL,3,435,156,1
1929,DL,2788,MSP,MKE,3,435,71,1
1930,DL,2831,LGA,DTW,3,435,125,0
1931,DL,2914,SEA,MSP,3,435,195,0
1932,DL,2965,JFK,SFO,3,435,385,1
1933,EV,5073,LEX,ATL,3,435,91,1
1934,EV,5160,BTR,ATL,3,435,102,0
1935,EV,5339,TRI,ATL,3,435,77,0
1938,MQ,2946,LCH,DFW,3,435,80,0
1939,MQ,3633,MIA,CLT,3,435,120,0
1940,MQ,3672,SDF,MIA,3,435,155,0
1941,MQ,4154,CMH,ORD,3,435,85,0
1942,MQ,4396,RDU,DCA,3,435,65,0
1943,OH,6493,GSO,DTW,3,435,125,1
1944,OH,6611,RDU,MEM,3,435,139,0
1945,OH,6762,OKC,MSP,3,435,129,0
1946,OO,4597,DEN,SLC,3,435,97,0
1947,OO,6734,MSO,DEN,3,435,123,0
1948,OO,7016,ORD,HPN,3,435,121,1
1949,UA,328,LAX,DEN,3,435,152,1
1950,US,1023,BDL,PHL,3,435,86,0
1951,US,1612,PHL,BOS,3,435,78,0
1952,US,1678,TPA,DCA,3,435,125,0
1953,US,1937,BOS,PHL,3,435,101,0
1954,US,1989,RDU,CLT,3,435,65,0
1955,US,27,MCO,PHX,3,435,298,0
1956,US,621,TPA,PHX,3,435,288,1
1957,US,969,MCI,CLT,3,435,133,0
1958,WN,1178,DAL,STL,3,435,95,1
1959,WN,1285,SFO,MDW,3,435,250,1
1960,WN,1441,LAX,OAK,3,435,75,0
1961,WN,1510,SDF,BWI,3,435,85,0
1962,WN,1577,HOU,PHX,3,435,180,1
1963,WN,2547,ORF,MCO,3,435,125,0
1964,WN,2655,TUS,LAS,3,435,80,1
1965,WN,277,LAX,MCI,3,435,190,0
1966,WN,289,PHX,SFO,3,435,130,1
1967,WN,384,TUL,STL,3,435,70,0
1968,WN,507,TPA,LAS,3,435,310,1
1969,WN,526,BWI,BOS,3,435,80,0
1970,WN,646,OAK,MDW,3,435,250,1
1971,WN,706,DTW,BWI,3,435,95,1
1972,WN,807,ONT,OAK,3,435,75,0
1973,WN,888,BUR,OAK,3,435,75,0
1974,WN,961,OMA,PHX,3,435,180,1
1975,XE,2240,IAH,RDU,3,435,148,0
1976,XE,5927,ICT,ORD,3,435,110,1
1977,YV,1048,LIH,HNL,3,435,29,0
1978,DL,2003,OMA,MSP,3,436,74,0
1979,CO,1455,PBI,EWR,3,437,163,0
1980,OO,3077,IND,MKE,3,437,63,0
1981,OO,6900,ORD,OMA,3,437,90,1
1982,XE,2761,RIC,EWR,3,437,69,0
1983,OO,7049,PDX,OTH,3,438,58,0
1984,HA,110,LIH,HNL,3,439,30,0
1985,OO,6320,SAN,LAX,3,439,46,0
1986,OO,6667,MFR,SFO,3,439,105,0
1987,OO,6899,ORD,MKE,3,439,42,1
1988,9E,3738,DTW,GSP,3,440,106,0
1989,AA,1264,DEN,DFW,3,440,125,0
1990,AA,1335,DCA,DFW,3,440,215,0
1991,AA,1355,BOS,DFW,3,440,270,0
1992,AA,1360,DFW,DCA,3,440,160,1
1993,AA,2099,ORD,LAX,3,440,265,1
1994,AA,2416,LAX,DFW,3,440,180,1
1995,AA,334,DFW,BNA,3,440,100,1
1996,AA,460,IAH,DFW,3,440,75,0
1997,AA,568,ORD,FLL,3,440,170,1
1998,AA,600,SFO,DFW,3,440,210,0
1999,AA,993,TPA,MIA,3,440,65,1
2000,AS,60,JNU,KTN,3,440,65,0
2001,B6,1438,LGB,SFO,3,440,81,0
2002,B6,325,BDL,FLL,3,440,197,0
2003,B6,450,FLL,BOS,3,440,179,0
2004,CO,1097,IAH,LAS,3,440,204,0
2005,CO,199,IAH,DEN,3,440,157,1
2006,DL,1121,BWI,SLC,3,440,300,0
2007,DL,1935,DTW,BNA,3,440,115,0
2008,DL,2014,LAX,CVG,3,440,247,0
2009,DL,2711,ATL,DFW,3,440,150,0
2011,MQ,2754,LFT,DFW,3,440,90,0
2012,MQ,2838,SAV,DFW,3,440,180,0
2013,MQ,2920,CMI,DFW,3,440,145,0
2014,OH,6332,CLE,CVG,3,440,76,0
2015,OH,6469,HSV,ATL,3,440,67,0
2016,OO,4477,FCA,SLC,3,440,99,1
2017,OO,6255,SFO,BUR,3,440,69,1
2018,OO,6964,PDX,SEA,3,440,50,0
2019,UA,239,MSY,LAX,3,440,265,0
2020,US,1452,MYR,CLT,3,440,56,0
2021,US,1465,PVD,PHL,3,440,82,0
2022,US,274,SLC,PHX,3,440,102,0
2023,US,414,SFO,CLT,3,440,285,1
2024,US,457,PIT,PHX,3,440,294,1
2025,WN,1002,DAL,AUS,3,440,55,0
2026,WN,1134,LGA,BWI,3,440,70,0
2027,WN,16,BNA,HOU,3,440,130,1
2028,WN,1769,RDU,BNA,3,440,95,0
2029,WN,1914,ALB,FLL,3,440,200,0
2030,WN,1919,BWI,TPA,3,440,150,0
2031,WN,245,BWI,PHX,3,440,320,1
2032,WN,2807,OMA,DEN,3,440,100,1
2033,WN,2958,AMA,DAL,3,440,65,0
2034,WN,3512,SLC,DEN,3,440,90,0
2035,WN,3658,BWI,RDU,3,440,65,1
2036,WN,3766,PHL,PVD,3,440,70,0
2037,WN,477,BUF,MDW,3,440,115,1
2038,WN,645,TUS,ABQ,3,440,60,0
2039,WN,731,LAX,DEN,3,440,140,0
2040,WN,778,MDW,OMA,3,440,90,0
2041,WN,815,MCI,STL,3,440,65,0
2042,WN,817,PHX,BUR,3,440,85,1
2043,WN,883,ISP,PBI,3,440,180,1
2044,WN,904,SNA,SMF,3,440,90,0
2045,XE,3122,MSY,IAH,3,440,72,1
2046,B6,1005,BOS,JFK,3,441,75,0
2047,OO,6515,SFO,LMT,3,441,87,0
2048,DL,2731,DTW,STL,3,442,118,0
2049,OO,6400,EUG,SFO,3,442,97,0
2050,OO,6598,SFO,SMF,3,442,43,0
2051,UA,272,SFO,LAX,3,442,92,0
2052,YV,2904,LIT,CLT,3,442,117,0
2053,9E,4143,DTW,RIC,3,443,112,1
2054,XE,2130,OMA,EWR,3,443,167,0
2055,XE,2142,OKC,EWR,3,443,187,0
2056,EV,5567,CAE,ATL,3,444,76,1
2057,EV,7126,ORD,BUF,3,444,86,1
2058,UA,58,ROC,ORD,3,444,121,0
2059,9E,3850,DTW,PIT,3,445,68,0
2060,9E,3929,AZO,MSP,3,445,106,0
2061,AA,1038,DFW,MSP,3,445,140,0
2062,AA,222,LAX,BOS,3,445,320,0
2063,AA,2324,DFW,ORD,3,445,140,0
2064,AA,475,EWR,ORD,3,445,175,0
2065,AS,220,SEA,SFO,3,445,126,0
2066,CO,1746,IAH,ORD,3,445,150,0
2067,CO,470,EWR,SJU,3,445,228,1
